shot_id,shot_made_flag
1,0.46861207
8,0.79449433
17,0.2961804
20,0.7379203
33,0.4487937
34,0.82952595
35,0.21891734
36,0.7441809
37,0.7545352
38,0.532096
45,0.4720815
50,0.45716402
55,0.8198241
60,0.6579857
66,0.49095777
67,0.36792335
71,0.7703568
80,0.6952698
85,0.44812137
86,0.7712444
95,0.8966405
104,0.81190586
113,0.69740474
123,0.64884067
126,0.97915363
133,0.5418396
141,0.4899536
144,1.0562358
150,0.3771516
152,0.58868873
153,0.40610307
156,0.3591034
159,0.72289395
165,0.6035883
172,0.8162999
182,0.64492154
192,0.84740347
193,0.41111842
196,0.85014355
202,0.49398974
210,0.7586524
211,0.7779321
228,0.82180893
257,0.72438085
260,0.748762
264,0.8899301
267,0.71813583
279,0.85061014
282,1.0562983
293,0.9960877
299,0.8132507
300,0.65659195
301,0.74906236
317,0.82517207
327,0.83229214
328,0.6809252
335,0.6243007
346,0.7383399
348,0.73265505
365,0.5062822
390,0.7786064
391,0.7111597
392,0.9823288
397,0.9298233
418,0.8972834
428,0.8622407
434,0.75957966
439,0.6986923
440,1.0645165
456,0.5558009
459,0.74478734
472,0.77218306
480,0.8163376
491,0.92415655
497,0.8693731
509,0.8174045
511,1.2359409
523,0.7994561
533,0.95439565
544,0.5890456
546,0.73515034
555,0.5813817
558,0.6024731
560,0.5445948
573,0.5897679
591,0.93532526
596,0.70987433
597,0.6367205
601,0.7108322
605,0.8435558
617,0.8788369
628,0.64671266
634,0.825323
646,0.820862
649,0.92083585
651,0.6413866
654,0.86096954
656,0.6358675
657,0.856134
669,0.8075909
670,0.95402217
693,0.88991123
694,0.8709427
699,0.64825404
711,0.92690265
718,0.7435271
722,0.97384834
723,0.7002744
725,0.9214268
734,0.83375466
735,0.7014109
737,0.8024554
746,0.6847264
747,0.64448637
766,0.85433316
767,0.8003264
771,0.6649358
773,0.7403218
774,0.8658631
783,0.87993324
784,0.9189913
789,0.90017205
792,0.9973135
804,0.81235874
809,0.990673
812,0.83814466
813,0.6694925
817,0.8029776
820,0.7540598
825,0.70454746
826,0.7214644
829,0.65419734
855,0.68195176
859,0.7981599
862,0.72272223
870,0.8243811
876,0.82078844
880,0.68772155
886,0.99976337
889,0.9515002
891,0.64988834
897,1.0163343
902,0.3646179
903,0.666309
908,0.8116647
909,0.70859885
920,0.5901215
922,0.6438708
924,0.63323
932,0.8001319
934,0.88576245
937,0.8282056
941,0.6160814
943,0.60171676
950,0.8091857
952,0.8155211
954,0.8633636
963,0.7732606
975,0.8361608
979,0.8721094
981,0.85979366
983,0.50664735
985,0.6319394
989,0.70383346
995,0.60791165
998,0.53156435
1008,0.74343765
1019,0.58042455
1023,1.0009816
1026,0.97343403
1029,0.78908443
1034,0.9015089
1036,0.8052846
1038,0.89606357
1039,0.71805775
1051,0.23135823
1052,0.69037217
1066,0.76016796
1087,0.8002497
1092,0.7140765
1094,0.6988599
1098,0.8312866
1099,0.9440814
1102,0.92066383
1118,0.6749913
1131,0.91387486
1133,0.6209638
1135,0.8976373
1138,0.72451633
1139,0.80372226
1142,0.8146645
1151,0.7827741
1152,0.875463
1155,0.5881788
1165,0.8292222
1167,0.9955293
1172,0.78559995
1174,0.6829741
1180,0.6897323
1200,0.6929362
1202,0.89537096
1227,0.5946916
1228,0.69143724
1229,0.66773987
1237,0.72832996
1241,0.93967307
1256,0.5561959
1279,0.8921844
1293,0.4346646
1295,0.68046886
1319,0.7547996
1320,0.8036309
1321,0.8214849
1322,0.8113341
1334,0.6527502
1351,0.8662678
1373,1.1245139
1375,0.85898745
1380,0.48063928
1382,0.6045879
1385,0.43854228
1399,0.47787672
1403,0.64980817
1428,0.6804523
1434,0.6950625
1444,0.87258685
1448,0.7698127
1466,0.89680576
1476,0.94730777
1478,0.97940594
1485,0.7492689
1491,0.6938339
1494,0.81449836
1500,0.614922
1501,0.81512684
1503,0.7361971
1519,0.41804904
1524,0.8410318
1529,0.74323153
1533,0.6756811
1538,1.0017296
1539,0.988022
1546,0.61757517
1555,0.6612322
1559,0.8372905
1563,0.90957314
1565,0.8171264
1574,0.8372728
1591,0.8204989
1594,0.68044674
1605,0.72593325
1611,0.8846148
1614,0.82970595
1620,0.7633598
1626,0.70624167
1630,0.8721298
1632,0.9148849
1634,1.1220422
1643,0.72479904
1651,0.89394397
1655,0.77680194
1658,0.6073549
1659,0.8917823
1665,0.93621147
1675,0.79395366
1680,0.681647
1690,0.84891605
1696,0.7524611
1714,0.7834469
1721,0.8759462
1726,0.6332975
1728,0.69034815
1734,0.7551039
1735,0.89913374
1740,0.84825146
1744,0.7558983
1747,0.63231003
1752,0.7270092
1763,0.86708903
1765,0.8404882
1769,0.5799502
1785,0.9147641
1787,0.73829436
1788,0.64354604
1793,0.8036366
1800,0.66357267
1825,0.7355834
1826,0.58408797
1834,0.7896124
1843,0.95646346
1844,0.75012267
1848,0.69489
1849,0.6153472
1860,0.5588327
1863,0.59624
1875,0.7860614
1883,1.0143459
1890,0.70085585
1892,0.848011
1893,0.9055116
1897,0.82833594
1905,0.65429145
1908,0.6795038
1931,0.82760465
1940,0.8597828
1943,0.84109855
1947,0.74712956
1965,0.7856318
1967,0.7924879
1968,0.72530884
1972,0.6127528
1982,0.7256244
1985,0.7213001
2005,0.80655956
2010,0.8326925
2021,0.839113
2024,0.68958664
2036,0.729349
2043,0.72887146
2047,0.69118035
2049,0.83864844
2055,0.8569637
2065,1.0099357
2066,0.7698231
2070,0.7682353
2077,0.7992065
2085,0.6390284
2095,0.6009639
2097,0.73376346
2108,0.66675586
2112,0.68257797
2113,0.7852295
2122,0.89661074
2139,0.78887665
2144,0.61682284
2146,0.78097695
2148,0.7656364
2149,0.77710104
2157,0.7167108
2159,0.7272198
2168,0.9613316
2176,0.6762719
2178,0.77062666
2181,0.7944163
2187,0.7975937
2188,0.7710929
2190,0.5891118
2194,0.6346421
2197,0.6984552
2214,0.83986926
2217,0.85867083
2222,0.7720705
2223,0.6721417
2226,0.78561294
2230,0.83910406
2240,0.3679084
2247,0.7951409
2250,0.6395361
2259,0.5136378
2262,0.8839656
2266,0.9786974
2305,0.8592255
2310,0.8163847
2313,0.6439738
2319,0.8253243
2320,0.99232423
2345,0.8341129
2350,0.7332104
2356,0.45704404
2360,0.5191585
2370,0.7153702
2386,0.90696913
2398,0.82868874
2414,0.6221905
2435,0.78609407
2439,0.11927611
2446,0.83292747
2458,0.5227659
2465,0.8852602
2466,0.9272884
2470,0.829255
2495,0.4530701
2501,0.8682382
2507,0.9668391
2533,0.67753905
2537,0.7324357
2538,0.63720435
2541,0.94604397
2542,0.793741
2544,0.90735734
2554,0.811414
2555,0.8207885
2565,0.46475905
2575,0.55403596
2586,0.684302
2588,0.83774173
2594,0.8064209
2617,0.626673
2618,0.8390533
2623,1.0491964
2631,0.7120248
2640,0.88087064
2642,0.65687835
2647,0.6508831
2663,0.88870597
2664,0.8480049
2676,0.98779905
2680,0.9648592
2681,0.9463142
2691,0.7314781
2693,0.9035384
2695,0.6653923
2704,0.7560149
2708,0.67654884
2709,0.9375962
2717,0.83598953
2722,0.85396254
2728,0.95775795
2732,0.8474779
2743,0.64100146
2752,0.77005607
2757,0.7829269
2761,0.64546925
2769,0.85412395
2771,0.5644984
2774,0.91146886
2776,0.88718426
2781,0.93030083
2793,0.6398317
2799,0.93653655
2803,0.9956084
2811,0.750464
2818,0.5249194
2824,0.6900727
2828,0.8729614
2829,0.68397766
2830,0.77751803
2842,0.68461037
2847,0.69277084
2848,0.51719534
2868,1.051187
2870,0.7935074
2885,0.7963736
2886,0.7530352
2889,0.4908149
2903,0.8359969
2904,0.7090763
2918,0.8887148
2919,0.81306213
2922,0.7127223
2923,0.83825016
2931,0.7388937
2945,0.69024736
2955,0.8719762
2957,0.71591824
2960,0.76018476
2963,0.94175065
2966,0.79325396
2972,0.646095
2974,0.7212229
2982,0.7881918
2984,0.5558447
3016,0.62126154
3021,0.91600025
3023,0.7933829
3025,0.6124362
3029,0.89689064
3034,0.68961084
3038,0.8243013
3040,0.7985549
3051,0.7470223
3062,0.6805419
3069,0.7335924
3071,0.8036213
3076,0.9756826
3079,0.78710747
3081,0.8737607
3082,0.86657655
3084,0.79740566
3098,0.87079024
3104,0.7865616
3105,0.9996151
3114,0.80709785
3118,0.82744765
3122,0.8017473
3132,0.65288156
3138,0.7419804
3141,0.40917486
3156,0.66708124
3162,0.6514461
3167,0.87274826
3170,0.86581326
3171,0.64246345
3172,0.76162827
3176,0.9264856
3180,0.98327357
3189,0.7913698
3198,0.81225204
3206,0.77190083
3215,0.6721959
3222,0.8933977
3228,0.83355886
3229,0.7633127
3232,0.9089917
3233,0.7733408
3238,0.93792707
3256,0.43923235
3264,0.5863747
3273,0.7512303
3275,0.46751
3285,0.5480001
3289,0.6986116
3294,0.7511749
3306,0.8762108
3311,0.830973
3318,0.79015625
3322,0.66836894
3324,0.7899746
3334,0.762398
3341,0.8366614
3345,0.87868375
3346,0.95490503
3352,0.84902334
3368,0.783135
3371,0.74489886
3372,0.7349253
3375,0.66407514
3384,0.8590738
3387,0.75753534
3393,0.6637832
3406,0.85973185
3411,0.57357836
3412,0.43288577
3414,0.59168965
3417,0.6124521
3420,0.8204715
3423,0.93499607
3436,0.7376039
3438,0.87128675
3442,0.763448
3443,0.74739516
3451,0.72004634
3461,0.48561406
3489,0.641378
3491,0.56960195
3510,0.708369
3515,0.5794936
3527,0.7846253
3530,0.6478607
3540,0.84496933
3582,0.8721684
3604,0.40516773
3605,0.84313536
3609,0.51520073
3624,0.7575344
3628,0.8778697
3630,0.7198677
3641,0.74924964
3642,0.76512676
3648,0.82752436
3650,0.8975478
3652,0.76678455
3660,0.8435663
3664,0.7425972
3670,0.5686449
3672,0.50980395
3680,0.49360675
3682,0.7779841
3685,0.53821766
3686,0.7862355
3689,0.88364124
3705,0.770265
3712,0.7568685
3713,0.66589653
3719,0.7984623
3721,0.7174569
3723,0.56430376
3724,0.55151653
3727,0.83987796
3733,0.20273122
3734,0.7484954
3742,0.7097875
3770,0.72523606
3777,1.0050702
3778,0.9358488
3780,0.48848525
3783,0.7933192
3784,0.644362
3788,0.74280757
3790,0.7504448
3794,0.61635673
3795,0.9616241
3796,0.7345174
3801,0.5797064
3806,0.86703104
3813,0.83131903
3814,0.89090264
3818,0.25619918
3824,0.71050954
3836,0.8376756
3853,0.87854445
3855,0.72397685
3858,0.6266523
3861,0.74011004
3866,0.8160577
3870,0.83717084
3874,0.93951946
3876,0.9079114
3878,0.7584023
3890,1.058944
3900,0.74749506
3904,0.8570334
3906,1.0203927
3907,1.0348672
3908,0.86373067
3912,0.68835425
3918,0.98941195
3923,0.977381
3924,0.84284586
3925,0.6439359
3927,0.8391467
3955,0.876755
3964,0.37444365
3969,0.31447244
3974,0.62717116
3976,0.32721302
3984,0.80919623
3991,0.8948581
3993,0.9856427
4009,0.7819289
4011,0.7257352
4020,0.91500914
4033,1.0114694
4041,0.5274222
4045,0.9348155
4052,0.6287817
4055,0.85498846
4056,0.79127693
4057,0.9190834
4067,0.93319094
4069,0.6613082
4077,0.8717791
4094,1.0118964
4095,0.86529124
4100,0.84892976
4119,0.84458554
4130,0.6405479
4131,0.72022045
4132,0.90507615
4134,0.6100853
4137,0.8901129
4138,0.96973646
4143,0.68830556
4145,0.64127064
4148,0.887885
4163,0.640219
4166,0.7458738
4169,0.66826254
4170,0.89833164
4174,0.6163638
4180,0.85772514
4199,0.9466802
4201,0.55258256
4203,0.5129667
4210,0.6727642
4211,0.759478
4213,1.0354413
4225,0.63040113
4235,0.88412917
4242,0.8714533
4245,0.9800895
4250,0.9873759
4252,0.9563143
4254,0.7326565
4263,0.5316354
4264,0.5156325
4268,0.6985543
4270,0.7338855
4282,0.9013225
4283,0.71241796
4291,1.0186045
4304,0.8421285
4306,0.748209
4309,0.78098726
4310,0.75741804
4313,0.8976121
4314,0.9326024
4315,0.859034
4321,1.008983
4324,0.8753933
4325,0.99420625
4328,0.9191268
4329,1.022056
4332,0.7411258
4337,0.94594
4342,0.81973124
4344,0.54941696
4352,0.80916274
4355,0.92216897
4366,0.54760486
4371,0.8861195
4372,1.0061407
4376,0.7205819
4384,0.89803624
4387,0.76320076
4389,1.0048692
4390,0.7416204
4406,1.0494334
4407,0.7902954
4409,0.9249239
4410,0.8085768
4424,0.86525625
4434,0.6905507
4452,0.16366687
4460,0.59036374
4470,0.57857794
4480,0.7879271
4496,0.92520714
4503,0.7956423
4512,0.62944096
4518,0.5695948
4519,1.0491418
4522,0.8933958
4525,0.8078227
4537,0.6263804
4546,0.8851552
4547,0.9133299
4553,0.9641456
4556,1.0251157
4558,0.85377616
4563,0.81563234
4568,0.92908895
4574,0.75057095
4578,0.89400935
4587,0.7271793
4592,0.62456405
4610,0.51444054
4615,0.34279662
4619,0.674912
4620,0.5673053
4625,0.65883625
4635,0.7990136
4636,0.51306564
4641,0.7405874
4650,0.7652086
4653,0.9350666
4665,0.71263105
4668,0.99332315
4669,0.6947244
4670,0.78134835
4674,0.8659648
4675,0.98523706
4676,0.7181978
4679,0.94292295
4680,0.8864864
4686,0.57943314
4699,0.8358979
4713,0.513578
4718,0.9678154
4721,1.0797526
4722,0.76751065
4724,0.6332965
4730,0.8205212
4731,0.6467455
4735,0.7620928
4743,0.8054541
4745,0.6088955
4746,0.6021305
4747,0.71223587
4748,0.6038688
4769,0.5688119
4771,0.4607947
4774,0.56371105
4784,0.64072925
4797,0.76139617
4801,0.5542278
4804,0.98505896
4820,0.7543
4833,0.57545215
4834,0.57812697
4851,0.78311354
4859,0.7640065
4860,0.84627
4863,0.660981
4873,0.7681243
4881,0.71039337
4892,0.8037042
4908,0.5046117
4911,0.863657
4915,0.8931704
4922,0.801959
4929,0.4005431
4936,1.0735819
4939,0.9068116
4951,0.72536844
4956,0.7769668
4961,0.92221904
4964,0.87281597
4981,0.8546108
4991,0.9350076
4992,0.7094621
4997,0.88748103
5004,0.6084135
5010,0.6101065
5012,0.73979485
5015,0.62334716
5020,0.99423206
5030,0.8281008
5051,0.9721453
5052,0.6404828
5057,0.7807152
5058,0.51220125
5060,0.7479636
5061,0.55555767
5064,0.5010159
5078,0.7019223
5080,0.7065294
5088,1.022902
5089,0.7232257
5090,0.7117636
5103,1.1447213
5108,0.5452637
5114,0.49856085
5115,0.61236
5124,0.6431453
5137,0.4940052
5139,0.9688804
5144,0.7337072
5149,0.90954864
5157,1.0358583
5163,0.7762017
5174,0.69613385
5176,0.47216582
5179,0.72098696
5186,0.5819842
5203,0.8236133
5204,0.87948364
5206,0.99922264
5207,0.68020093
5220,0.78711903
5221,0.8141726
5224,0.97942626
5227,0.7458835
5229,0.7878897
5232,0.8346019
5240,0.6244484
5242,0.5988313
5243,0.6753348
5245,0.7661279
5248,0.6435008
5249,0.7965598
5254,0.79840326
5269,0.6407988
5272,0.9491192
5276,0.867864
5286,0.84287965
5290,0.7172632
5308,0.5864088
5316,1.0030966
5318,0.41495815
5319,1.0489898
5320,0.6557509
5322,0.9338635
5324,0.9085543
5331,0.7640073
5336,0.970121
5344,0.62629914
5354,0.85426724
5356,0.9047526
5358,0.8491758
5361,0.7139362
5365,0.78331196
5370,0.54569286
5376,0.6111517
5383,0.992569
5384,0.8991882
5385,0.907009
5393,0.87448466
5397,0.9796001
5398,0.89067644
5402,0.90602785
5407,0.7292824
5409,0.7430443
5425,0.6522056
5428,0.8021384
5430,0.9224311
5442,1.049114
5447,0.6910658
5470,0.8245048
5485,0.48747304
5493,0.63649285
5502,0.6252744
5504,1.0895164
5517,0.6332487
5522,0.7818468
5527,0.6615566
5528,0.78204703
5536,0.5813988
5545,0.7681512
5576,0.9367226
5577,0.843302
5592,0.7682986
5594,0.65773225
5595,0.77527297
5596,0.78865814
5599,0.84637535
5606,0.6396413
5617,0.8489692
5625,0.75267637
5626,0.8920915
5627,0.596268
5642,0.59646493
5659,0.9677933
5664,0.6388265
5666,0.743333
5671,0.87047386
5674,1.0361141
5677,0.4275667
5681,0.8373358
5683,0.6206957
5700,0.764758
5713,0.3918914
5715,0.621187
5718,0.8145802
5726,0.65326166
5738,1.1145334
5741,0.55048275
5743,0.69749236
5753,0.39902622
5761,0.9850701
5789,0.8036867
5797,0.8803849
5803,0.5595829
5810,0.58723277
5813,0.9678928
5817,0.8038056
5818,0.7295671
5822,0.6159828
5829,0.39306954
5846,0.4795024
5847,0.8107474
5854,0.8337294
5858,0.48739287
5863,0.9979249
5869,0.8514159
5870,0.8213767
5876,0.8119525
5881,0.7858359
5901,0.8599203
5922,0.88937
5928,0.93523955
5933,0.35424602
5934,0.9043001
5946,0.9435743
5951,0.8752705
5955,1.0300567
5956,0.76814824
5965,0.9641707
5972,0.9162277
5981,0.8826977
5997,0.20320743
6005,0.60261756
6009,0.88562065
6010,0.8012609
6015,0.973541
6039,0.878464
6047,0.70241094
6051,0.73021007
6056,0.8798171
6061,0.77081823
6064,0.8183675
6065,0.8669239
6070,0.79564
6085,0.85254097
6086,0.7178864
6091,0.89338946
6097,0.80933946
6099,0.65528095
6104,0.8186946
6108,0.7047431
6109,0.6333617
6124,0.6829538
6142,0.6341035
6144,0.72533584
6150,0.6954775
6154,0.4170211
6155,0.90111023
6156,0.9393617
6158,0.7944795
6159,0.92019653
6169,0.5772812
6170,0.8309628
6179,0.7456143
6184,0.78419816
6186,0.84079677
6204,0.6526389
6230,0.50329494
6231,0.7202163
6232,0.77617574
6235,0.78941894
6237,0.6657105
6239,0.66196233
6263,0.3815671
6265,0.7410863
6270,0.51970273
6271,0.8598702
6278,0.54876536
6279,0.67179984
6288,0.615868
6294,0.9415777
6295,0.84849226
6302,0.5260933
6306,0.93645126
6322,0.83082306
6324,0.95782995
6327,0.80625176
6331,0.6578085
6334,0.766979
6338,0.6339418
6339,0.67503446
6362,0.74710083
6372,0.6713276
6375,0.771323
6393,0.72947997
6394,0.20170173
6405,0.9606916
6406,0.43065083
6416,0.72028184
6421,0.6622781
6422,0.85508484
6440,0.9064575
6457,0.85547113
6460,0.7261281
6463,0.6163975
6474,0.86795145
6476,1.1028851
6477,0.92092067
6482,0.8726028
6488,0.85333526
6489,0.7326259
6494,0.979663
6499,0.44323406
6507,0.70819306
6524,0.86247313
6527,0.9192163
6531,0.9201001
6536,0.33548063
6538,0.78921676
6542,0.47229636
6565,0.87655604
6584,0.95048535
6588,0.8971189
6597,0.96426105
6603,0.7961742
6609,0.8097087
6613,0.8459743
6622,0.83111227
6630,0.83851415
6637,0.86814713
6639,0.746077
6640,1.0480661
6646,0.8982308
6647,0.7132015
6648,1.0359232
6669,0.7948689
6680,1.1148899
6681,0.8800769
6684,1.0238156
6693,0.9079313
6694,1.0336725
6704,0.7774459
6706,0.3409074
6710,1.0708163
6713,0.98493826
6718,0.88553345
6732,0.9414694
6737,0.9330665
6739,1.0147548
6742,0.9938959
6746,0.88477266
6753,0.8830065
6771,0.8278825
6784,0.75190294
6790,0.93606675
6795,0.3695096
6807,0.8607925
6808,0.97235155
6818,0.80449843
6823,0.7892031
6830,0.31267443
6831,0.5679725
6832,0.79180527
6836,0.88591635
6846,0.7393279
6850,0.83986735
6854,0.86939013
6868,0.86187243
6876,0.5879362
6877,0.7916727
6881,0.7086971
6882,0.7913059
6884,0.8157956
6886,0.7684773
6901,0.8156463
6910,0.82181156
6913,0.7030519
6914,0.779126
6918,0.64087546
6930,0.73403025
6941,0.9060966
6944,0.8407041
6945,0.9540546
6947,0.65191483
6949,0.8749179
6952,0.69047415
6963,0.882892
6964,0.695011
6972,0.68634987
6979,0.5128276
6981,0.9389263
6988,0.8967209
6990,0.88702965
6998,0.82314664
7004,0.83873093
7016,0.56437093
7027,0.95364416
7042,0.94257116
7056,0.9093213
7061,0.81636924
7069,0.70146406
7071,0.9688603
7088,0.9449772
7099,1.068757
7108,0.91112125
7121,0.90917593
7125,0.88160574
7136,0.6249589
7149,0.7146802
7150,0.6333122
7151,0.81409585
7167,0.9021583
7177,0.6160622
7178,0.8429033
7183,0.72615016
7186,0.9141793
7190,0.7939904
7201,0.8049135
7202,0.8948736
7207,0.8248279
7213,0.9805876
7224,0.5865701
7225,0.8639165
7233,0.7894451
7239,0.56716454
7246,0.8721242
7248,0.7807527
7261,0.41210157
7264,0.94398916
7266,1.0601023
7274,0.8945371
7279,0.80050147
7293,0.70514196
7315,0.860467
7322,0.93740916
7326,0.8834076
7341,0.8744956
7363,0.42948017
7365,0.8013377
7371,0.8241962
7377,0.7135463
7393,0.6822965
7405,0.9350884
7410,0.39455605
7434,0.6794293
7438,0.7920028
7447,0.6204737
7450,0.69647586
7452,0.81991076
7453,0.7599678
7455,0.58244455
7456,0.8981303
7457,0.80392766
7466,0.56954205
7470,0.8918868
7474,1.022716
7487,0.64099294
7488,0.5819218
7492,0.43785107
7496,0.64822364
7501,0.81289774
7505,0.5589325
7512,0.81666756
7526,0.6643934
7536,0.6374744
7538,0.60806286
7539,0.5172209
7544,0.63451856
7554,0.53229105
7564,0.83767307
7566,0.78529865
7580,0.7714807
7581,0.87988555
7584,0.9951985
7587,0.9566505
7589,0.786446
7590,0.78328985
7594,0.7323404
7597,0.9203211
7602,0.43134204
7603,0.90411705
7605,0.72575825
7609,0.9444493
7613,0.82531905
7619,0.53214145
7625,0.74276215
7626,0.33324224
7636,0.55311036
7639,0.648439
7641,0.90860516
7643,0.9278732
7644,0.6146057
7657,0.8856764
7661,0.6698582
7666,0.7037671
7673,0.80599916
7683,0.3243736
7685,0.7844726
7699,0.66262937
7704,0.7112505
7705,0.64985275
7708,0.7131556
7728,0.863021
7733,1.03882
7741,0.80456364
7743,0.9533893
7745,1.0522434
7754,0.80226934
7756,0.8025231
7757,0.7525683
7770,0.8768823
7773,0.95466065
7774,1.0462687
7776,0.67083603
7777,0.908812
7778,0.8396318
7781,0.4980219
7784,0.9553659
7789,0.9244665
7794,0.80615747
7799,0.9421245
7801,0.8210075
7818,0.9336372
7823,1.012969
7828,0.9400927
7832,0.9472365
7839,0.9403057
7851,0.65159106
7856,0.99401224
7868,0.41812766
7869,0.9860401
7872,0.93176866
7874,0.9234662
7878,0.6701426
7888,0.77610385
7913,0.79595727
7923,0.8975897
7925,0.33920932
7926,0.6835612
7938,0.7065432
7942,0.8158016
7945,0.98341423
7954,0.75194746
7963,0.7880608
7969,1.1322825
7970,0.41116542
7977,0.5532547
7981,1.0502844
7990,0.95881206
8020,0.6711978
8023,1.0306692
8025,0.44792968
8034,0.52818745
8039,0.9331903
8046,1.0076444
8051,0.61665267
8055,0.9226806
8060,0.88790613
8063,0.8230449
8073,0.95603085
8074,0.74818563
8076,0.653424
8080,0.79532206
8088,0.9162562
8102,0.33635738
8103,0.5147104
8104,0.54317397
8105,0.53111815
8109,0.7438689
8115,0.55514514
8121,0.7958256
8126,1.0571022
8135,0.93335354
8153,0.83320224
8156,0.8135552
8160,0.83124495
8161,0.877119
8162,0.75317836
8171,1.0809028
8181,1.0391808
8183,1.0403366
8185,0.8961845
8191,0.98045325
8203,0.7838626
8204,0.73320997
8207,0.6588743
8208,0.67638904
8209,0.7630176
8210,0.70513105
8225,0.8542094
8226,0.77883106
8231,0.47909763
8233,0.73886615
8244,0.71615803
8250,0.7975818
8261,0.41860345
8265,0.8068534
8278,1.0692116
8279,1.0618376
8280,0.9132945
8296,0.91180444
8299,0.64440477
8300,0.8329808
8301,0.8715295
8305,0.8428924
8327,0.84135056
8334,0.8788976
8349,0.864601
8355,0.89743537
8361,0.8962096
8362,0.8945799
8364,0.86199117
8365,0.8002661
8375,1.0078573
8378,0.7589715
8380,0.9271382
8381,1.0065334
8387,1.0229578
8399,0.8806965
8402,0.917833
8409,0.92503214
8433,0.7230195
8436,1.019989
8442,0.980125
8448,1.0483705
8464,0.7805614
8469,0.51439625
8474,0.60459864
8478,0.8778087
8482,0.6791842
8490,0.94585955
8510,1.0068927
8511,0.95313704
8527,0.80838203
8532,0.8177246
8533,0.7487152
8538,0.69086885
8541,0.7510464
8545,0.7898822
8553,0.8833958
8554,0.9192487
8555,0.8721118
8569,0.7875902
8586,0.73812866
8593,1.054574
8600,1.0156446
8606,0.9492131
8607,0.93210495
8611,0.94088054
8613,0.79525614
8618,0.8759558
8630,0.8123022
8637,0.9172926
8650,0.79459625
8652,0.41949114
8661,0.29475254
8669,0.7006059
8673,0.9562627
8674,0.98037016
8678,0.64270765
8682,0.94475317
8688,0.78661585
8689,0.77204704
8695,0.73770845
8698,0.67500836
8703,0.7531694
8709,0.8563065
8716,0.86871076
8723,0.8218746
8737,0.5583686
8753,0.5299076
8773,0.31594288
8774,0.7064574
8778,0.70735574
8786,0.577283
8794,0.37396985
8795,0.69887775
8800,0.89084804
8804,0.8512825
8808,0.9146974
8809,0.87604713
8817,0.58359
8818,0.97335315
8825,0.93543947
8830,0.8846098
8833,0.82416236
8834,1.2226316
8836,1.0340283
8837,1.1130903
8844,1.0068862
8851,1.1212678
8861,0.7778661
8864,0.9950584
8865,0.9376879
8869,0.9765217
8873,0.69909376
8880,0.87347275
8884,1.0196419
8888,0.9251448
8889,0.88958746
8891,0.91022825
8893,0.9243003
8897,0.97484046
8905,1.0146557
8910,0.6853347
8918,0.5956033
8939,0.9543704
8940,0.81622756
8941,0.63282126
8944,0.93847835
8949,0.8338352
8950,0.663131
8958,0.8520131
8967,0.9145378
8975,0.53714085
8979,0.979439
8980,1.0438364
8991,1.0875682
8995,0.9528228
8996,0.8052039
8998,0.65930253
9000,0.7563821
9001,0.5477343
9002,0.921209
9024,0.63127846
9026,0.27812368
9027,0.63400435
9034,0.81769127
9038,0.90128547
9050,0.92216796
9052,0.9550321
9054,0.8158622
9078,1.016193
9097,0.9979743
9109,0.89048153
9112,0.710827
9115,0.71058404
9125,0.52847624
9132,0.7631923
9136,0.8474617
9139,0.7526854
9140,0.8899014
9142,0.82178843
9143,0.77855736
9147,0.45550206
9159,0.7966566
9165,0.7646446
9172,0.76480377
9177,0.897321
9179,1.0432594
9185,0.95451355
9196,0.8126301
9201,0.87114656
9209,0.9914963
9210,0.72248775
9212,0.8790213
9214,0.94222105
9240,0.90737355
9241,0.902352
9244,0.9604088
9249,0.9294866
9250,0.83301866
9255,0.66200155
9258,0.5669452
9263,0.8457872
9266,0.74543655
9269,0.9374419
9272,0.9046198
9276,0.6778549
9290,0.9119499
9299,0.89916253
9303,1.0376935
9310,0.52165854
9311,0.870358
9314,0.8126426
9315,0.88733053
9325,0.66747
9328,0.721751
9329,0.75074947
9332,0.94010985
9337,0.7345622
9353,0.91268283
9355,0.92383945
9356,0.41053626
9362,0.81142956
9364,0.6088189
9366,0.38752377
9387,0.9688198
9388,1.0004625
9396,0.4803254
9400,0.7322229
9406,1.043055
9411,0.9567667
9416,0.8708449
9417,0.93595165
9423,0.89487314
9425,0.26868284
9426,1.1185238
9427,0.9744921
9429,0.85154134
9430,0.8169782
9434,0.94826114
9442,0.8155091
9458,0.88757
9476,0.81187284
9481,0.78825045
9483,0.8932131
9484,0.7793249
9487,0.8397377
9488,0.84631705
9490,0.9873669
9502,0.99558985
9505,0.9782332
9509,0.5831771
9515,0.60075283
9516,0.4744484
9532,0.79383826
9539,0.7151348
9542,0.6227378
9549,0.6811348
9550,0.58214897
9553,0.85165924
9554,0.8802333
9561,0.9018551
9566,0.89131844
9571,0.97815454
9577,0.8915076
9584,1.0244215
9592,0.9451138
9596,0.8931242
9602,1.0135703
9603,0.6633595
9604,0.7404387
9608,0.72217953
9609,0.78123033
9613,0.9931857
9623,1.075346
9630,0.9002459
9633,1.0060656
9648,0.9738357
9665,0.42848718
9668,1.0930756
9678,0.98406893
9679,1.0001373
9693,0.90404904
9718,0.9031688
9720,0.91999304
9744,0.9056597
9745,0.72774076
9746,0.68978727
9753,1.0062817
9758,0.50910056
9759,0.9925827
9763,1.0106101
9766,1.0293506
9767,0.9681306
9777,0.70936656
9781,0.97543937
9789,0.9332665
9790,0.95545554
9799,0.90933615
9802,0.8934412
9805,0.66824174
9807,0.944594
9812,0.94120884
9818,1.0053059
9820,0.9823971
9822,0.83246696
9824,0.5806275
9834,0.4425723
9836,0.98681736
9847,0.8391799
9864,0.5269045
9869,0.9006107
9875,0.97070193
9880,0.98752666
9889,0.9496254
9894,1.0979648
9909,0.9684347
9915,1.1213042
9919,1.0177059
9920,0.97573316
9940,0.66422987
9946,0.59226024
9958,0.9073602
9959,0.8427607
9973,1.0308747
9976,0.90258
9978,1.0258896
9982,1.0792158
9987,0.96639293
9988,0.93014085
9992,0.87438333
10000,0.9830184
10002,0.67452836
10005,1.0816071
10008,0.76585305
10009,0.97278553
10011,0.93712604
10021,0.5683456
10022,0.7215338
10053,0.7418207
10074,0.8882159
10076,1.0152574
10090,0.34874043
10092,0.89687127
10099,1.0429139
10102,1.0753918
10103,0.85972613
10106,0.87092006
10108,0.9017428
10113,0.98626065
10119,1.1324258
10122,0.7063463
10125,0.7172803
10140,0.88003945
10155,0.82756233
10159,0.80084
10164,0.9394324
10175,0.9049761
10176,0.67888623
10178,0.8685206
10186,0.43018782
10200,0.67622095
10204,0.4842205
10206,0.5317984
10211,0.95016557
10212,0.65413094
10217,1.0684881
10220,0.55382395
10230,0.5625258
10234,0.9316566
10235,1.0067203
10239,0.9381313
10240,0.91224253
10242,0.7555994
10245,0.8871988
10246,0.8417949
10247,0.69929016
10250,0.76620436
10254,1.0362031
10257,0.9184971
10260,0.90687585
10261,0.9106996
10265,1.0865428
10273,0.82176244
10274,0.9397049
10277,0.88578594
10289,0.7114077
10290,0.722047
10298,0.9123666
10301,0.91766095
10304,0.59499633
10305,0.9355973
10313,0.99834585
10320,1.037162
10323,0.85862637
10328,0.78573966
10332,0.8673948
10336,0.9049224
10343,0.8924141
10348,0.35932776
10350,0.7569351
10351,0.5337893
10354,0.6600956
10372,0.96325994
10373,0.7503276
10380,1.1488912
10383,0.81981725
10396,0.6531526
10397,0.61379397
10399,0.78185296
10400,0.36205423
10401,0.74343896
10402,0.7910687
10403,0.29661542
10410,1.0579054
10412,0.6780903
10415,0.85953027
10424,0.8068958
10428,0.8245956
10432,0.81145716
10462,0.39337426
10477,1.0939245
10482,1.1887232
10484,1.1613265
10493,1.0386541
10495,1.0511976
10497,0.9346713
10516,0.97450435
10521,0.8310232
10522,1.0545628
10523,0.7654296
10528,0.9323175
10530,0.94451916
10532,0.46833706
10533,0.8858484
10543,0.98042244
10547,0.57439107
10552,0.7500592
10558,0.7159159
10571,0.94583833
10572,0.70442486
10574,0.8567381
10583,0.6146545
10600,0.83686113
10607,0.600951
10608,0.7942059
10614,0.6106055
10630,0.75081664
10634,0.7053445
10635,0.6648381
10641,0.687423
10643,0.4991025
10644,0.52216923
10648,0.5408707
10669,0.9305507
10675,0.6772181
10686,0.9322167
10704,0.9832096
10707,1.1013229
10722,0.9110689
10736,0.7141923
10764,0.9963224
10767,0.9527413
10776,0.66307646
10779,0.59335357
10781,0.7512888
10792,0.6819768
10797,0.813124
10798,0.8126348
10801,0.6354051
10802,0.53274864
10805,0.728554
10808,0.82912207
10810,0.6677917
10816,0.8520323
10817,0.939936
10829,0.6861173
10843,0.8768859
10858,0.40095598
10866,0.6618078
10876,0.8917527
10887,0.7658156
10891,0.75280416
10896,0.73207736
10900,0.68284535
10905,0.7306884
10907,0.8642579
10917,0.9134096
10936,0.57605183
10947,0.78383756
10948,0.7066779
10951,0.6566495
10955,0.7920747
10969,1.0646796
10984,0.8748135
10987,0.9551189
10990,0.96209
10992,0.44885823
10996,0.955827
10997,0.95903915
10999,0.9098277
11000,0.692731
11001,0.8549
11010,0.41764623
11016,0.6018402
11018,0.9159272
11034,0.79259956
11039,0.8892691
11041,0.83514106
11047,0.6808628
11053,0.5084944
11055,0.93553
11056,0.9394406
11065,0.89149547
11068,0.6457311
11070,0.78077096
11071,0.6353008
11072,0.691043
11079,0.37912303
11091,0.944703
11094,0.8317156
11112,0.46916863
11113,0.43642962
11128,0.8846468
11153,0.71960574
11154,0.9590722
11163,1.0475252
11179,0.93603253
11181,0.8616191
11206,0.91394067
11216,0.777805
11221,0.6880945
11223,0.8782805
11228,0.78006136
11235,0.9189965
11237,0.43365216
11244,0.8884269
11256,0.94803953
11267,0.9080598
11272,0.63684654
11281,0.86792475
11285,0.8894595
11288,0.34590513
11291,0.7923433
11293,0.8780347
11297,0.8661778
11298,0.85764676
11299,0.8887255
11301,0.76843053
11309,0.8593035
11331,0.5799654
11332,0.6659776
11337,0.7152709
11343,0.8856554
11347,0.72643757
11348,0.7398496
11355,1.0088632
11368,1.0159878
11369,0.7370037
11371,0.93561983
11378,0.7351976
11384,0.92686784
11387,0.9585972
11393,1.0597107
11399,0.65928334
11412,0.6470813
11431,1.0574523
11432,1.0731152
11444,0.72877526
11450,1.0078233
11451,0.7067861
11476,0.9437315
11488,0.9450002
11495,0.66672826
11505,0.9156613
11508,0.7942904
11518,0.46748167
11522,1.1593966
11524,0.47247168
11533,0.42965192
11549,0.36768535
11551,0.9638519
11560,1.1087058
11563,1.0713174
11565,0.7134775
11567,0.97349167
11569,0.73362434
11598,0.6337236
11604,0.47264382
11611,0.9172467
11617,0.6560622
11626,0.53441554
11642,1.028806
11643,0.81233007
11648,0.60164505
11651,0.7387427
11663,0.5533002
11666,0.45628807
11685,0.73011154
11686,0.6025734
11698,0.8922607
11708,0.9342705
11711,0.7730145
11718,0.93314207
11742,1.1822665
11761,0.843472
11767,0.84958315
11768,0.82926816
11775,0.6061634
11779,0.38320848
11786,0.9953443
11790,0.8540768
11791,0.86296487
11796,0.8567355
11806,0.57603496
11810,0.80821013
11811,0.79944384
11814,0.7503873
11816,0.9849292
11820,0.5484453
11822,0.68358445
11829,0.5724107
11832,0.6763258
11834,0.84843147
11836,0.59905237
11837,0.9308812
11844,0.9240461
11847,0.6648528
11864,0.71439934
11865,0.6869078
11872,0.8632331
11873,0.5245176
11886,0.4618336
11894,0.70049864
11905,0.6617828
11906,0.591579
11907,0.9412818
11912,0.8614391
11914,0.7462278
11918,0.9193842
11924,1.092649
11929,0.84401894
11930,0.83484304
11936,0.7689485
11937,0.86237407
11954,0.4911799
11957,0.82202065
11964,0.8598299
11968,0.6230963
11972,0.58393276
11976,0.77442384
11979,0.74685466
11981,0.77178204
11983,0.9124733
11989,0.81083864
11991,0.7322881
11998,0.7300005
12003,0.825154
12007,0.70663345
12011,0.57661974
12014,0.85221124
12024,0.8045738
12033,1.040386
12034,1.0187514
12041,1.1261446
12046,0.66349024
12056,0.82317674
12064,0.8134051
12069,0.89675295
12070,0.95943964
12071,1.0723698
12072,0.91046363
12078,1.0522008
12091,0.71970147
12092,0.59867996
12094,0.89115816
12098,0.85937655
12103,1.0120516
12115,0.7906904
12118,0.36492664
12122,0.5935234
12125,1.0074064
12133,0.7006451
12137,0.3444032
12141,1.0410602
12143,0.8670572
12144,0.71104944
12154,0.80748177
12163,0.8738024
12170,0.8798805
12193,0.9730377
12196,0.9545255
12206,0.73160106
12209,0.5521483
12214,0.6766763
12228,0.76688826
12233,0.64167845
12238,0.2997879
12242,0.6128121
12245,0.7672671
12247,0.86476785
12251,0.90473044
12287,0.7771567
12292,0.7833009
12304,0.6749578
12317,0.7810339
12320,0.8465586
12323,0.9210032
12328,0.99323654
12333,0.93581355
12334,0.94773257
12335,0.6724673
12352,0.49341935
12358,0.89118356
12364,0.6584984
12376,0.7797431
12396,0.86028296
12402,0.9977138
12406,0.76660204
12408,0.68355334
12410,0.87133026
12413,0.89406276
12417,0.9045204
12424,0.78502345
12425,0.5553668
12426,0.83007336
12430,0.7428711
12432,0.78322965
12433,0.5936678
12451,0.6230264
12457,0.6614616
12465,0.39874768
12468,0.6156408
12474,0.80308104
12475,0.62812173
12486,0.44152346
12487,0.6281121
12514,0.88755
12524,0.94276345
12526,0.7038372
12530,0.76335263
12532,0.7163225
12593,0.7820968
12599,0.81373036
12600,0.9018055
12603,0.86966133
12624,0.9679577
12630,0.85062796
12638,0.7845329
12641,0.79909563
12643,0.78781015
12656,0.7318455
12666,0.37751397
12673,0.9501649
12675,0.955565
12678,0.37049437
12692,0.6707022
12693,0.9234519
12707,0.8304471
12711,0.6874927
12716,0.79379654
12717,0.65385354
12723,0.85163516
12738,0.9339716
12742,0.79179156
12746,0.9042901
12753,0.46617514
12758,0.9391895
12760,0.9227756
12763,0.60738695
12764,0.6670094
12768,0.89025664
12776,0.7546464
12777,0.89266145
12783,0.9505601
12804,0.48829472
12824,0.5841426
12839,0.7737441
12847,0.7537823
12850,0.89560664
12867,0.9483471
12883,0.8588046
12887,0.82699025
12890,0.92862684
12903,0.52243483
12906,0.8917589
12907,0.93180645
12909,0.50709766
12912,0.43897456
12915,0.6285033
12930,0.863665
12931,0.5615908
12934,0.29269165
12951,0.872301
12955,0.991642
12973,0.5997081
12988,0.78228354
12999,0.9763162
13015,0.8020939
13026,0.7975042
13036,0.9313464
13039,0.8555988
13040,0.86448485
13041,0.22776353
13043,0.6514869
13057,0.63971883
13064,0.72630805
13068,0.8863304
13069,0.653868
13073,0.6824256
13079,0.7612711
13086,0.71098536
13089,0.6391678
13093,1.040261
13097,0.68741083
13098,0.6655072
13105,0.87577224
13107,0.49783662
13108,0.8771496
13110,0.97858423
13112,0.82430357
13114,1.1006339
13118,0.812309
13127,0.88902813
13129,0.85750604
13142,1.0247935
13146,0.37196004
13149,0.41286698
13157,0.67751014
13158,0.42641646
13159,0.3958739
13161,0.8299092
13162,0.89421916
13166,0.67206895
13168,0.8344656
13170,0.8887315
13186,0.5390642
13191,0.6069465
13203,0.7942201
13209,0.7530441
13212,0.6929462
13213,0.86163926
13222,0.89482236
13229,0.70613474
13234,0.81736416
13257,0.7884686
13258,0.81365
13268,0.7871896
13270,0.6159709
13291,0.8529941
13292,0.21575359
13299,0.95790005
13307,0.93046546
13309,0.8370663
13311,0.926646
13312,0.91384685
13322,1.0114608
13324,0.9483427
13330,0.67701954
13338,0.8901373
13344,0.6616739
13348,0.8390948
13355,0.753706
13365,0.98804724
13368,0.9490081
13370,0.80588835
13372,0.6744425
13377,0.9013847
13385,0.60545003
13389,0.83887863
13393,0.64881736
13395,0.9001442
13404,0.9300755
13411,1.0094347
13416,0.89809954
13434,0.90960586
13435,0.8212732
13445,0.9371989
13446,0.6355583
13451,0.56149226
13462,0.6639675
13464,0.849544
13466,0.81514174
13471,0.6498977
13472,0.705796
13477,0.4995914
13481,0.84058785
13484,0.6698737
13490,0.95522153
13492,0.7520678
13500,0.7565049
13508,0.9492996
13516,1.0108681
13525,0.73779476
13526,0.4197572
13530,0.55014324
13532,0.8079759
13538,0.7199593
13546,0.9445181
13548,1.000014
13550,0.95207965
13551,0.9083501
13564,0.9941518
13566,0.80588967
13570,1.0242419
13580,0.8081398
13585,0.814578
13588,0.67113006
13592,0.45915136
13594,0.69154453
13609,0.7130499
13610,0.8468698
13613,1.0288057
13625,0.7709205
13626,0.7651179
13639,0.70891637
13645,0.8987541
13647,0.43929207
13648,0.67508566
13652,0.65140927
13654,0.72540385
13664,0.38146797
13673,0.92486787
13684,0.56359965
13690,0.8475716
13693,0.6365515
13696,0.8049232
13700,0.8361076
13701,0.7988589
13707,0.5692881
13713,0.6261382
13714,0.7405883
13716,0.57207936
13720,0.65153927
13727,0.8346393
13733,0.8897227
13738,0.6442995
13757,0.8039303
13759,0.7407237
13761,0.6980289
13767,0.84063745
13782,1.040674
13786,0.8064635
13787,0.88541436
13792,0.8641872
13795,0.4212986
13798,0.4368103
13807,0.8250135
13809,0.8341991
13811,1.0141146
13815,0.8774921
13817,0.70808744
13818,0.81367517
13822,0.8316432
13824,0.58811593
13829,0.7761669
13832,0.95172465
13840,0.5805731
13841,0.49238935
13868,0.8195978
13871,0.98114204
13880,0.41234717
13888,0.5841982
13890,0.6549961
13891,0.8049736
13895,0.7403368
13907,0.51247275
13910,0.72040844
13912,0.6694888
13913,0.6892827
13923,0.6564235
13929,0.8025092
13936,0.9959712
13946,0.8971009
13950,0.4743172
13951,0.9237396
13954,0.86242723
13958,0.33309984
13969,0.7621336
13980,0.8243773
13981,0.44955978
13986,0.82874894
13987,0.8074544
13989,0.63697827
13992,0.9792694
13994,0.40857148
14001,0.80820954
14002,0.8481748
14004,0.78218615
14006,0.9577285
14012,0.74382687
14021,0.96070623
14024,0.41051733
14045,0.8191525
14047,0.8381231
14057,0.8271085
14059,0.94259685
14060,0.8843663
14068,0.9828291
14070,0.38973573
14074,0.4439918
14076,0.6254224
14089,0.7719761
14115,0.84098184
14116,0.8369668
14128,0.55411994
14131,0.74679863
14134,0.67917305
14137,0.5689882
14138,0.8869601
14139,0.6854247
14152,0.8624618
14153,0.9495637
14155,0.6433638
14156,0.6642773
14164,0.8835067
14165,0.7090716
14171,0.78794014
14174,0.6199269
14181,0.39862126
14186,0.8682491
14192,0.56668955
14201,0.8220595
14210,0.58374506
14214,0.85231584
14231,0.7219801
14236,0.8532809
14241,0.59945667
14245,0.7985548
14249,0.67004204
14251,0.45499563
14262,0.8142003
14265,0.9500518
14267,0.54788625
14270,0.93022025
14276,0.35045546
14279,0.22813922
14281,0.7944844
14289,0.8139591
14290,0.91230667
14293,0.7246205
14295,0.7067264
14297,0.8037549
14298,0.58149004
14310,0.9871087
14312,0.9203379
14315,0.909505
14318,0.5033194
14319,0.46940562
14325,0.5900861
14331,0.94418967
14334,0.6902008
14341,0.6068132
14343,0.90025353
14344,0.67640615
14346,0.73287857
14347,0.7944319
14349,0.7895658
14352,0.82850313
14358,0.82354337
14361,0.9469126
14363,0.85881114
14374,0.59389025
14376,0.4981509
14381,0.5642998
14398,0.78369445
14410,0.87318397
14412,0.55802935
14415,0.41331685
14423,0.71189886
14425,0.8210932
14436,0.6575425
14444,0.81387264
14455,0.5344035
14465,0.8294303
14469,0.43933398
14471,0.8004371
14475,1.0485408
14479,0.87725145
14480,0.97078437
14488,0.61210644
14491,0.6513089
14501,0.8116454
14520,0.36849862
14522,0.7650636
14523,0.67114353
14537,0.54981637
14538,0.5482799
14550,0.8880555
14561,0.96632576
14575,0.5166843
14586,0.9661386
14592,0.3910983
14601,0.3145439
14602,0.90170693
14604,0.8960994
14606,0.6967971
14627,0.8750837
14641,0.59004533
14652,0.6177593
14662,0.6575811
14665,0.46640867
14673,0.6632793
14675,0.5329757
14679,0.7821543
14683,0.7285988
14686,0.8813058
14705,0.37261134
14708,0.61360306
14709,0.6125816
14710,0.65053684
14715,0.732009
14717,0.79844296
14723,0.8583094
14725,0.97245467
14727,0.6894872
14728,0.65291303
14735,0.8836839
14746,0.7042167
14752,0.42015606
14757,0.72924674
14762,0.85400164
14763,0.94959044
14797,0.9076054
14812,0.9160086
14818,0.744878
14825,0.79457265
14827,0.8020144
14829,0.7615881
14830,0.6080119
14837,0.6096596
14849,0.431691
14863,1.0154872
14869,0.89054334
14882,0.83552897
14884,0.83856475
14886,0.6031291
14888,0.82121533
14890,0.640938
14904,0.8616211
14938,0.38344944
14952,0.5257915
14958,0.57123035
14963,0.4639431
14979,0.76851505
14980,0.715793
14986,0.47992194
14988,0.44095156
15003,0.848299
15006,0.6121507
15009,1.0290998
15015,0.83542204
15024,0.8557278
15030,0.6650145
15036,0.5326432
15038,0.6761398
15039,0.50209683
15047,0.8088008
15049,0.81202465
15056,0.953053
15068,0.63031256
15070,0.8205482
15073,0.6432057
15081,0.829952
15084,0.69060636
15088,0.9802034
15092,0.84207726
15095,1.0066279
15097,0.9205835
15098,0.80794466
15115,0.8413477
15120,0.9092221
15126,0.86529064
15133,0.80899537
15143,1.000701
15156,0.8824326
15164,0.80470765
15178,0.82269907
15198,0.68522346
15200,0.77152216
15208,0.6651113
15214,0.8764355
15218,0.34074423
15231,0.7141851
15238,0.9843633
15239,0.9509772
15240,0.96877027
15249,0.76205343
15256,0.9799043
15260,0.7470188
15290,0.37830693
15307,0.9068576
15308,0.67937756
15321,0.68521476
15323,0.5637975
15325,0.72990155
15342,0.5953233
15346,0.82697105
15349,0.7703996
15354,0.7791695
15362,0.96152973
15379,0.6654362
15383,0.8148886
15394,1.0659695
15401,0.65164155
15405,0.76999426
15407,0.7937678
15412,0.75883025
15413,0.6004145
15415,0.56381917
15427,0.27734748
15430,0.73238575
15436,0.5959383
15439,0.7898684
15443,0.43787435
15444,0.63586146
15445,0.9617915
15450,0.995474
15456,0.90757334
15465,0.5285733
15466,0.89358604
15470,0.8359753
15474,0.60709095
15476,0.74736875
15482,0.9099835
15492,0.57309145
15510,0.69238454
15519,0.9747702
15523,0.7985909
15535,0.57848334
15561,0.93286127
15564,0.8764211
15566,0.80406797
15579,0.7446284
15580,0.61871374
15581,0.90916777
15587,0.9083991
15589,0.8927801
15591,0.8541475
15597,0.92559475
15620,0.72828907
15627,0.73500675
15636,0.78211415
15653,0.52804416
15662,0.9843337
15664,0.8247006
15666,0.61301374
15667,0.76983905
15674,0.58430165
15692,0.69523764
15715,0.48996526
15736,0.59107125
15744,0.26663616
15746,0.6176579
15758,0.8086545
15760,0.7649927
15766,0.7278319
15767,0.6536508
15789,0.7434378
15810,0.7646986
15818,0.7189518
15820,0.56974894
15830,0.7992823
15844,0.83684534
15850,0.6929115
15857,0.73454154
15863,0.892726
15869,0.76752216
15872,0.18999225
15873,0.36805883
15884,0.7609514
15885,0.55752313
15891,0.34391478
15898,0.94521177
15900,0.60044044
15932,0.84360313
15940,0.8627498
15944,0.76424
15945,0.80745375
15963,0.38276884
15970,0.6876008
15977,0.39576226
15982,0.78482544
15985,0.95465404
15995,0.7996744
16004,0.8007629
16005,0.56069833
16011,0.7746284
16019,0.64945424
16021,0.7027515
16051,0.6163669
16065,0.5680428
16066,0.75343597
16076,0.5485255
16091,0.84009385
16094,0.6259585
16101,0.7361087
16104,0.6529708
16113,0.6858727
16114,0.53518385
16115,0.73254967
16127,0.9653788
16128,0.68974805
16138,0.67233884
16139,0.7103693
16142,0.9573202
16144,0.61017096
16148,0.8828204
16151,0.67260337
16156,0.48617047
16165,0.5026294
16166,0.7473685
16179,0.910772
16193,0.7139506
16196,0.7298865
16198,0.5844099
16210,0.544049
16232,0.6081696
16237,0.89107454
16240,0.6318287
16252,0.7637559
16259,0.8235875
16262,0.533981
16263,0.68732417
16270,0.36717236
16272,0.7620744
16290,0.67664313
16295,0.8907931
16297,0.85960984
16299,0.6621356
16300,0.79165864
16302,0.6405632
16303,0.57029885
16305,0.64552337
16309,0.87790644
16312,0.5234578
16320,0.53273964
16326,0.5140552
16327,0.670105
16338,0.84602153
16342,0.79158974
16346,0.65173894
16348,0.49973547
16355,0.45468232
16356,0.5895048
16378,0.6535188
16382,0.7177102
16391,0.7663557
16392,0.7007343
16395,0.8762824
16399,0.8066485
16403,0.78997695
16408,0.8828714
16413,0.8620839
16415,0.81935275
16417,0.69301564
16420,0.6352555
16431,0.8212713
16439,0.6469281
16444,0.6309169
16446,0.5473651
16451,0.576005
16454,0.74439526
16461,0.57797205
16462,0.6730967
16469,0.6961379
16484,0.634239
16486,0.83597237
16487,0.8383347
16491,0.66797996
16494,0.768096
16507,0.45220497
16508,0.81903183
16519,0.76470184
16523,0.56965613
16526,0.8209605
16530,0.7932775
16532,0.3234664
16542,0.804737
16550,0.5806286
16555,0.64408225
16558,0.776202
16567,0.32794505
16576,0.4727728
16579,0.5931769
16595,0.64861995
16598,0.4109286
16600,0.67546076
16604,0.7322575
16605,0.90817624
16607,0.8539698
16610,0.6825686
16612,0.8598974
16617,0.69408655
16625,0.9354757
16632,0.50318485
16634,0.72655684
16650,0.8305328
16654,0.40813202
16655,0.44516468
16656,0.5405308
16657,0.5731213
16660,0.4550013
16662,0.44235837
16669,0.7137488
16675,0.5463506
16676,0.6315365
16678,0.6484605
16679,0.7303373
16693,0.5663514
16701,0.6476201
16715,0.9109724
16722,0.6855035
16724,0.6376784
16727,0.7768425
16735,0.95098
16741,0.8296331
16752,0.5509482
16758,0.6041363
16765,0.7878438
16771,0.79054374
16785,0.5065065
16793,0.62171435
16800,0.76749194
16805,0.69470656
16809,0.7297411
16820,0.56087404
16827,0.52557325
16830,0.5263522
16843,1.0526416
16847,0.76803696
16855,0.809858
16860,0.75677586
16862,0.84332955
16863,0.69728386
16872,0.85184044
16874,0.8335307
16876,0.60082257
16893,0.5555377
16895,0.72280407
16914,0.6645799
16917,0.6859228
16926,0.7756462
16930,0.52991027
16931,0.42775428
16932,0.61341596
16934,0.8304324
16937,0.9037427
16941,0.8233533
16942,1.0794303
16957,0.728558
16962,0.69531703
16967,0.66314363
16968,0.81142324
16972,0.7730467
16974,0.4229785
16984,0.6525118
16987,0.6652609
16994,0.8459871
16995,0.7625717
16999,0.80594563
17034,0.5069706
17038,0.7273246
17040,0.6541443
17050,0.6598357
17068,0.67882
17077,0.5602102
17079,0.8136647
17082,0.58771
17085,0.7186656
17087,0.800795
17099,0.74818295
17105,0.75391877
17108,0.64374256
17110,0.75075674
17111,0.760857
17123,0.75944567
17124,0.6369051
17130,0.4920908
17138,0.5105597
17143,0.8126924
17157,0.8024087
17160,0.73665166
17166,0.73022807
17167,0.7815234
17179,0.7698805
17180,0.6287824
17189,0.631132
17197,0.81496465
17219,0.559792
17223,0.7551924
17225,0.36784238
17229,0.7157004
17234,0.8020782
17235,0.8308657
17239,0.6427309
17242,0.78615475
17243,0.8439774
17246,0.6603043
17247,0.66661847
17255,0.8196564
17258,0.7362404
17260,0.73087776
17264,0.58665365
17270,0.8609967
17271,0.7790486
17272,0.76535577
17285,0.38675463
17294,0.46623194
17297,0.62709224
17298,0.58441126
17299,0.73323715
17306,0.73876625
17324,0.80185914
17326,0.53122634
17330,0.89158034
17345,0.79124653
17351,0.6375428
17352,0.8820426
17372,0.7746992
17381,0.6731995
17385,0.7797844
17388,0.7516105
17390,0.68741333
17392,0.29118782
17399,0.54426
17404,0.8737315
17407,0.6435602
17408,0.5668608
17416,0.6532156
17418,0.77680933
17434,0.66941035
17438,0.5502868
17443,0.7036027
17444,0.63648367
17453,0.36622435
17460,0.66719866
17467,0.50546694
17480,0.738306
17488,0.5619673
17490,0.72479874
17493,0.72436774
17498,0.701311
17503,0.8133373
17513,0.8206918
17520,0.4666923
17525,0.5140436
17534,0.6509687
17545,0.5210891
17553,0.8828752
17554,0.8475009
17557,0.43583763
17563,0.74982387
17576,0.845981
17577,0.868052
17580,0.5985748
17582,0.76256853
17596,0.8546996
17597,0.71993935
17602,0.76684767
17614,0.48756462
17623,0.7598165
17624,0.29551518
17627,0.3218555
17628,0.39601833
17630,0.75045204
17634,0.8084271
17640,0.80264044
17652,0.700836
17657,0.7833619
17661,0.8122231
17662,0.9076148
17666,0.9263302
17682,0.92039514
17688,0.77859
17693,0.2991099
17705,0.6876998
17711,0.5347509
17715,0.5234647
17717,0.59913296
17721,0.5105715
17728,0.68264854
17737,0.5848361
17745,0.8350665
17755,0.6867318
17764,0.28763634
17774,0.66947263
17785,0.9662832
17786,0.6752929
17789,0.7333817
17802,0.79914033
17810,0.6206515
17819,0.9178282
17825,0.77980256
17828,0.36930436
17833,0.81950814
17841,0.7600486
17842,0.61228997
17844,0.49545273
17849,0.8387196
17855,0.86969244
17857,0.86863995
17861,0.538756
17863,0.6623852
17868,0.65819967
17876,0.71007514
17882,0.62850165
17885,0.63194746
17893,0.80120754
17894,0.8005905
17902,0.6850417
17906,0.8393998
17911,0.72296953
17917,0.65729403
17921,0.7431073
17941,0.83897924
17945,0.7070353
17949,0.7918875
17954,0.8386436
17957,0.8009522
17958,0.6673238
17960,0.7702247
17985,0.21602753
18000,0.6935149
18002,0.69780934
18008,0.57202625
18014,0.6584332
18015,0.96994656
18019,0.7653147
18021,0.6958046
18026,0.86455786
18029,0.72572345
18034,0.72729814
18035,0.7181575
18036,0.69816476
18039,0.7894715
18066,0.79071534
18076,0.74147606
18089,0.8840741
18104,0.76124597
18110,0.65623164
18129,0.7138636
18131,0.40582392
18133,0.7472513
18136,0.63167876
18148,0.5777182
18152,0.4629273
18167,0.36186492
18177,0.25123078
18178,0.42373773
18183,0.44252637
18194,0.5861191
18197,0.87439525
18213,0.6758769
18214,0.8503896
18221,0.4931247
18227,0.8218721
18239,0.7746453
18245,0.82294416
18266,0.7791919
18267,0.49905115
18274,0.64592856
18283,0.71977496
18297,0.32944018
18302,0.79073155
18303,0.69987816
18315,0.8763103
18324,0.7775587
18326,0.7365426
18334,0.56278956
18336,0.6939142
18344,0.8250405
18346,0.79796225
18347,0.8218926
18350,0.68444717
18352,0.53909564
18364,0.73337394
18366,0.88843787
18373,0.74867845
18391,0.8808047
18393,0.5389975
18395,0.45380816
18400,0.7047569
18408,0.5890234
18421,0.5450043
18425,0.6198987
18443,0.6315675
18451,0.45868093
18456,0.67718196
18458,0.5926608
18460,0.57451564
18467,0.79275596
18468,0.6470202
18475,0.6955596
18485,0.75897187
18494,0.6460182
18495,0.74949116
18508,0.72490835
18530,0.75283813
18533,0.5133976
18547,0.41711214
18548,0.6655425
18553,0.8907483
18561,0.5368599
18565,0.78647983
18572,0.67506367
18593,0.5929698
18600,0.79519844
18621,0.33688587
18629,0.6922347
18637,0.8064059
18649,0.5445951
18653,0.7055186
18660,0.54246885
18671,0.7381002
18672,0.61806905
18677,0.6611795
18681,0.7987075
18684,0.90667844
18686,0.85257983
18689,0.4106583
18690,0.5659903
18709,0.5896695
18716,0.7103166
18723,0.85270363
18773,0.7521477
18782,0.7322377
18797,0.6989926
18810,0.6607394
18817,0.7043339
18820,0.92944527
18825,0.8675928
18837,0.5902303
18850,0.32064158
18857,0.56523097
18861,0.53966546
18867,0.66822016
18870,0.45979407
18877,0.5893736
18887,0.76293623
18898,0.6743167
18900,0.6379762
18914,0.5629494
18921,0.4862387
18922,0.7112823
18945,0.7103848
18947,0.6675097
18953,0.28936946
18954,0.26150042
18957,0.5782702
18960,0.46227884
18973,0.5319455
18983,0.35243836
18990,0.4088645
18991,0.6429061
18993,0.49714366
18995,0.74585015
18996,0.74229944
19003,0.5553582
19014,0.77612
19015,0.718883
19019,0.55907387
19028,0.79129976
19038,0.35841557
19040,0.8513211
19046,0.8528667
19051,0.83843017
19054,0.9494664
19056,0.5582277
19074,0.6777757
19085,0.56355995
19099,0.9621518
19124,0.5992307
19134,0.56309116
19141,0.4936072
19146,0.5803908
19150,0.35955232
19170,0.5750222
19176,0.6303612
19187,0.5492715
19189,0.5026116
19202,0.6784164
19208,0.5376249
19209,0.67253625
19210,0.87670004
19216,0.7627443
19217,0.476231
19218,0.7458191
19223,0.5367215
19240,0.5718759
19246,0.6315869
19269,0.6841954
19275,0.7183951
19287,0.52261955
19298,0.8027199
19303,0.55698264
19313,0.7441117
19325,0.9082364
19326,0.9180975
19328,0.81680185
19330,0.898556
19340,0.56370896
19342,0.7096788
19343,0.75364697
19344,0.49220774
19363,0.756166
19364,0.51864505
19371,0.57846034
19376,0.7668333
19377,0.5481233
19381,0.75675774
19384,0.81289256
19390,0.6932795
19402,0.7920561
19405,0.70258254
19409,0.8449521
19418,0.7577337
19429,0.6072091
19446,0.68014455
19458,0.72775006
19460,0.32907283
19462,0.63513565
19465,0.72225094
19472,0.68508065
19480,0.75562155
19503,0.73893374
19507,0.78334486
19517,0.9526706
19533,0.77623224
19537,0.6965302
19541,0.58016145
19563,0.82501936
19566,0.7177881
19568,0.573804
19576,0.82737505
19591,0.925974
19597,0.77322817
19619,0.74060106
19622,0.9210893
19623,0.5499769
19624,0.4395518
19627,0.675846
19629,0.6414002
19633,0.69968027
19639,0.7545973
19641,0.3213423
19643,0.7924489
19649,0.67280066
19652,0.6577906
19657,0.6304685
19660,0.796914
19668,0.97726655
19678,0.6863518
19686,0.6121386
19690,0.6756004
19694,0.7764369
19695,0.4931717
19702,0.64209354
19712,0.45527545
19720,0.75308204
19735,0.36354452
19739,0.5680874
19740,0.45000303
19743,0.7555822
19750,0.3713202
19752,0.3084677
19754,0.9586595
19762,0.5963973
19770,0.6082485
19775,0.51636446
19777,0.5420168
19782,0.5204527
19783,0.57098955
19786,0.8052619
19805,0.5757164
19808,0.63814056
19819,0.6901704
19821,0.6444495
19827,0.62492526
19830,0.6807522
19832,0.61101764
19833,0.72412115
19834,0.70543176
19843,0.71450806
19844,0.6686399
19846,0.5321782
19847,0.6073077
19850,0.83132327
19851,0.57741296
19861,0.8820405
19873,0.5363619
19878,0.86719954
19886,0.6342628
19892,0.24717769
19901,0.5496906
19902,0.39400905
19920,0.74655235
19921,0.6725938
19922,0.42169994
19929,0.937316
19932,0.6527665
19935,0.6237239
19936,0.55041105
19946,1.0058745
19950,0.5308797
19952,0.5468655
19955,0.33877817
19976,0.7286447
19983,0.322097
19987,0.42755514
19991,0.92657006
19996,0.7612766
20007,0.74807394
20015,0.2849977
20019,0.6584846
20023,0.69826704
20034,0.7786691
20036,0.4899939
20038,0.7801825
20039,0.7171073
20040,0.36617374
20045,0.57672805
20046,0.70191383
20048,0.82401824
20060,0.412317
20068,0.61629295
20074,0.8325697
20111,0.6472523
20117,0.5989173
20125,0.92687976
20129,0.6246331
20134,0.5943491
20135,0.7336094
20139,0.28866625
20142,0.50149673
20147,0.3031212
20154,0.6266008
20157,0.7516984
20169,0.88317823
20179,0.6237319
20202,0.6741059
20207,0.79745793
20215,0.81664854
20216,0.95639014
20217,0.69609666
20218,0.73643833
20219,0.6921267
20226,0.6963265
20236,0.56495523
20239,0.5312727
20246,0.8103129
20247,0.813321
20253,0.6674379
20255,0.5744487
20268,0.57849747
20270,0.68930054
20271,0.54708517
20279,0.5520953
20282,0.54791266
20295,0.6969959
20302,0.732913
20305,0.73588943
20306,0.6714832
20308,0.5106151
20330,0.39356107
20335,0.6659561
20344,0.53622055
20349,0.8370613
20360,0.6924562
20362,0.67745584
20378,0.415061
20394,0.8052191
20397,0.7008117
20403,0.48082164
20405,0.26076916
20415,0.666144
20417,0.6175703
20420,0.63995254
20425,0.24817187
20430,0.88739634
20435,0.55808556
20443,0.4941025
20446,0.4961904
20458,0.9032651
20459,0.6011504
20467,0.825965
20470,0.58299434
20482,0.48542687
20489,0.61661017
20495,0.8233775
20496,0.87332034
20497,0.66073114
20505,0.5626103
20509,0.9518397
20535,0.6524647
20539,0.89844316
20544,0.6772331
20547,0.72076696
20556,0.55380833
20557,0.53687036
20575,0.34295213
20577,0.51286656
20596,0.75920665
20597,0.62006557
20602,0.6519762
20603,0.71304625
20609,0.73794645
20618,0.6235939
20621,0.67305243
20628,0.73752934
20634,0.528934
20637,0.8643322
20641,0.8575425
20642,0.7164409
20647,0.68375397
20655,0.5984831
20656,0.66318226
20661,0.69014335
20664,0.99215233
20674,0.67952216
20679,0.5755844
20680,0.76548076
20683,0.9817162
20687,0.9117222
20688,0.85130805
20695,0.8244989
20696,0.83738434
20699,0.75021094
20701,0.83323777
20702,0.8089844
20704,0.3370927
20721,0.6887822
20725,0.64872956
20731,0.68592477
20741,0.46375844
20742,0.5068912
20753,0.6809376
20756,0.6091509
20769,0.5404244
20771,0.41855544
20774,0.5180585
20777,0.72614276
20781,0.8065888
20797,0.30536348
20808,0.21204445
20810,0.4271835
20820,0.1300013
20823,1.0575502
20829,0.97065157
20832,0.6577604
20833,0.69477916
20837,0.629908
20838,0.70321447
20839,0.6072056
20847,0.6940628
20861,0.85531795
20869,0.9142504
20875,0.66887677
20877,0.5980191
20889,0.7205012
20894,0.85584474
20901,0.9465656
20919,0.7220971
20923,0.8182758
20935,0.727336
20937,0.52399725
20939,0.730258
20940,0.5883869
20943,0.5418293
20946,0.34688577
20950,0.7476443
20961,0.78684413
20965,0.48266518
20967,0.54807043
20969,0.68447137
20970,0.76051253
20975,0.5402167
20987,0.8861575
20995,0.68859625
20998,0.8725876
21002,0.85881376
21012,0.5989641
21013,0.8013464
21015,0.7985786
21017,0.6763297
21020,0.8352278
21028,0.6652391
21031,0.5892807
21036,0.86269784
21040,0.8659401
21048,0.4285046
21049,0.63790435
21051,0.44635597
21070,0.38715473
21072,0.38699877
21079,0.6622814
21090,0.5742959
21093,0.5056416
21104,0.76021904
21114,0.6508594
21117,0.59812707
21120,0.63133526
21121,0.44170135
21132,0.59800917
21136,0.46532744
21139,0.63289595
21140,0.5762466
21146,0.34537587
21150,0.24376133
21178,0.6299474
21180,0.882993
21198,0.8183234
21203,0.9113893
21210,0.7084192
21218,0.59449327
21220,0.6512587
21222,0.4619787
21228,0.5726907
21236,0.43063736
21239,0.6464274
21260,0.6657299
21267,0.7746527
21271,0.66940933
21279,0.80128884
21286,0.7706052
21288,0.7882204
21294,0.44828063
21298,0.67683315
21299,0.44870168
21300,0.7104852
21304,0.74677974
21307,0.7315009
21309,0.49103808
21311,0.5950928
21331,0.34677714
21332,0.72616374
21342,0.46118367
21345,0.31067356
21348,0.57529044
21353,0.394037
21357,0.76062953
21369,0.3489995
21370,0.5599373
21371,0.5549745
21373,0.5155632
21385,0.54743403
21392,0.6285004
21401,0.77703816
21403,0.5678941
21406,0.76851916
21413,0.5085821
21414,0.45785886
21416,0.67685604
21423,0.7835125
21442,0.65616465
21443,0.4523979
21448,0.7718822
21459,0.6834215
21467,0.6471869
21474,0.24250162
21484,0.44855046
21488,0.35742593
21495,0.7726969
21498,0.81887007
21502,0.61884916
21503,0.35816652
21510,0.54832447
21516,0.734637
21533,0.8938347
21535,0.7897075
21539,0.70654595
21541,0.59345907
21544,0.6532383
21554,0.21228886
21569,0.5798721
21572,0.7464721
21578,0.73150843
21580,0.4945117
21584,0.608259
21589,0.84149253
21595,0.5823904
21598,0.20307583
21599,0.5445735
21606,0.72193176
21623,0.4929818
21639,0.6243081
21641,0.5089402
21645,0.73155063
21647,0.7122756
21648,0.5055475
21657,0.5062682
21671,0.66407734
21673,0.7892093
21678,0.43527922
21696,0.49281022
21699,0.4903533
21700,0.53293586
21703,0.6522714
21710,0.6297668
21721,0.6887633
21727,0.2604879
21728,0.33527926
21731,0.62943614
21741,0.713931
21744,0.32242554
21748,0.7333832
21753,0.48338747
21756,0.6708069
21763,0.6073565
21767,0.86494285
21772,0.86162555
21774,0.5888623
21775,0.24394676
21780,0.39209452
21787,0.4581532
21805,0.66482216
21828,0.58634514
21831,0.6463611
21837,0.67771065
21842,0.7640277
21849,0.61376435
21856,0.540283
21858,0.472303
21862,0.21669263
21864,0.44590977
21867,0.61615074
21879,0.61494887
21881,0.6878531
21883,0.4953717
21891,0.31286263
21892,0.57634294
21902,0.64710915
21909,0.5549108
21914,0.7871758
21918,0.71722114
21919,0.6864539
21926,0.66794485
21930,0.5431034
21934,0.60088444
21940,0.50018
21945,0.55681604
21948,0.7997312
21953,0.5964152
21954,0.566357
21956,0.23770267
21963,0.45971805
21970,0.50974584
21984,0.5019336
21997,0.6797511
21999,0.4960919
22001,0.741066
22002,0.6096469
22010,0.33215898
22013,0.5687459
22022,0.8740912
22024,0.73177266
22028,0.7644479
22029,0.7525728
22045,0.5295707
22049,0.63257384
22064,0.2794733
22069,0.19250667
22074,0.34978595
22082,0.38050282
22084,0.5278736
22090,0.69021666
22096,0.61768913
22100,0.55079347
22105,0.6328741
22119,0.64230704
22130,0.4863692
22152,0.23335403
22155,0.6330167
22164,0.7350584
22173,0.5644541
22194,0.3032597
22209,0.47297344
22217,0.45791253
22220,0.6228041
22222,0.6976388
22244,0.88393295
22245,0.526539
22250,0.52059823
22256,0.46649387
22261,0.7095004
22264,0.6961584
22270,0.3226831
22279,0.6860687
22280,0.5473397
22284,0.514245
22288,0.585318
22293,0.7463577
22297,1.0134784
22307,0.58591306
22310,0.5184595
22319,0.572274
22324,0.6049849
22326,0.58881897
22327,0.69988203
22329,0.5742668
22331,0.25364274
22340,0.4122312
22342,0.15785092
22347,0.39717364
22351,0.7615097
22357,0.634568
22361,0.63534355
22371,0.8584243
22373,0.6550929
22391,0.56467646
22404,0.34620464
22409,0.65795827
22411,0.52382773
22428,0.21648267
22436,0.7054102
22444,0.67322993
22445,0.70170945
22451,0.6356433
22463,0.60714513
22464,0.5658166
22467,0.7637752
22472,0.66345906
22485,0.86879617
22497,0.7121172
22504,0.36168656
22508,0.47518766
22516,0.65535015
22522,0.5405241
22527,0.472108
22543,0.13439816
22549,0.4829737
22551,0.71657455
22557,0.6371961
22562,0.6331272
22567,0.5530193
22572,0.76651156
22575,0.6128119
22578,0.480072
22579,0.6377738
22580,0.61818737
22581,0.6024131
22591,0.23137814
22593,0.46423778
22597,0.50944996
22600,0.28409153
22602,0.44455355
22603,0.4245852
22616,0.5466576
22617,0.5878996
22622,0.2829206
22623,0.7192683
22624,0.79976463
22628,0.85441923
22640,0.6731457
22641,0.77895117
22653,0.5019344
22660,0.4189495
22672,0.49380156
22674,0.48446068
22689,0.5126604
22698,0.5522567
22705,0.107147604
22709,1.0580091
22711,0.48426875
22714,0.6706908
22715,0.5956811
22729,0.41546693
22730,0.38130787
22733,0.38235146
22750,0.7972691
22754,0.3375613
22756,0.10358703
22758,0.69111997
22767,0.61134934
22768,0.28722453
22769,0.38495165
22776,0.48117602
22778,0.6543775
22780,0.24945658
22789,0.3597886
22797,0.43179193
22799,0.23041135
22814,0.5867049
22818,0.5339379
22821,0.22898287
22823,0.34392518
22841,0.6323775
22847,0.3866489
22848,0.4968592
22862,0.57566404
22875,0.95521355
22877,0.23174787
22887,0.57724196
22892,0.6954817
22899,0.09811923
22901,0.07776901
22907,0.8302015
22909,0.4646057
22926,0.7063689
22927,0.75840807
22930,0.98106426
22934,0.7903497
22937,1.1390862
22939,0.57847166
22949,1.0407169
22951,0.5977061
22955,0.5845927
22965,0.8148023
22966,0.5019469
22968,0.9763334
22972,0.55074316
22975,0.5517789
22981,0.86472994
22988,0.64652747
22994,0.58370507
22996,0.63045585
23011,0.57521117
23028,0.676171
23031,0.90844923
23035,0.77778494
23038,0.6594789
23042,0.5359551
23049,0.93372136
23051,0.9731049
23053,0.7659857
23057,0.8132652
23058,0.6658171
23063,1.0044014
23064,0.72598445
23067,0.81673557
23071,0.750144
23075,0.5826989
23077,0.85064965
23090,0.68519807
23094,0.7198962
23097,0.76826817
23103,0.7277873
23107,0.65904355
23117,0.693266
23122,0.94780415
23124,0.631147
23126,0.6060335
23129,0.54331154
23136,0.70696473
23141,0.7765336
23142,0.720225
23147,0.904405
23154,0.60541004
23159,0.7744354
23165,0.66013646
23171,0.7185009
23173,0.66491795
23175,0.91083014
23179,0.89675343
23182,0.77802706
23185,0.5424641
23188,0.9787308
23189,0.8252077
23209,0.83080786
23214,0.59904754
23215,0.802938
23233,0.75461435
23241,0.4992239
23252,0.81317925
23255,0.60567844
23263,0.5688735
23281,0.9942702
23282,0.72190434
23289,0.7432766
23292,0.6731384
23296,0.7509205
23297,0.684849
23301,0.74482614
23302,0.21621475
23304,0.6231513
23309,0.7747568
23312,0.60769576
23316,0.7922777
23321,0.73619694
23342,0.8446231
23344,0.6467856
23350,0.47281653
23367,0.8613534
23368,0.90643823
23374,0.8480792
23387,0.6838642
23389,0.6989109
23399,0.7712394
23403,0.8408958
23406,0.941134
23414,0.61779773
23415,0.8127078
23419,0.7040135
23436,0.8667029
23439,0.8360564
23444,0.6160553
23445,0.85701025
23455,0.8217655
23469,0.7262975
23472,0.7122162
23477,0.66100925
23478,0.669363
23479,0.8105655
23487,0.41650546
23490,0.49531633
23491,0.76316273
23492,0.62073207
23494,0.87563014
23496,0.5316018
23497,0.6076356
23506,0.8103227
23515,0.74384767
23528,0.67763335
23532,0.7905905
23549,0.7057942
23551,0.7666614
23552,0.7218214
23555,0.8359889
23556,0.6982191
23564,0.7483576
23583,0.8311832
23592,0.5666693
23597,0.9707989
23601,0.68162
23605,0.52841455
23615,0.60406464
23619,0.71522355
23621,0.89325833
23626,0.7083643
23635,0.62441415
23637,0.69600165
23640,0.84354246
23646,0.46562958
23655,0.5802413
23672,0.7645718
23673,0.92297333
23682,0.680551
23683,0.72135115
23699,0.8524525
23704,0.64257383
23707,0.9272149
23713,0.7369075
23714,0.70488054
23716,0.55645156
23718,0.7403904
23721,0.75951743
23735,0.7291164
23737,0.46529183
23744,0.6294872
23749,0.72819763
23755,0.49800295
23769,0.7433647
23772,0.7416803
23773,0.9051856
23774,0.748514
23779,0.8492174
23782,0.6302048
23793,0.34533396
23803,0.96818817
23828,0.74987245
23833,0.67474854
23834,0.8815206
23844,1.122581
23845,0.79989356
23852,0.7390256
23855,0.72528905
23867,0.68491995
23872,0.56430286
23874,0.58729875
23880,0.87886524
23886,0.52318424
23898,0.80485296
23900,0.718459
23903,0.76119727
23907,0.65567046
23908,0.80991673
23912,0.8334155
23916,0.7700136
23917,0.5684667
23918,0.93620807
23922,0.8866832
23928,0.7905492
23940,0.41198194
23944,0.42013994
23945,0.5645782
23951,0.663198
23966,0.7233464
23970,0.56006277
23971,0.76637053
23976,0.49501285
23980,0.6432189
23987,0.9067986
23988,0.51624185
23993,0.88929343
23997,0.7198223
23998,0.8562348
23999,0.7476918
24010,0.69073904
24015,0.7860224
24023,0.8692194
24033,0.63980585
24046,0.49112305
24060,1.1278691
24062,0.8151947
24065,0.7140324
24070,0.26495373
24071,0.7698183
24073,0.70863765
24079,0.8850001
24082,0.8888566
24084,0.59868175
24089,0.81102544
24094,0.958187
24100,0.65418744
24105,0.7045292
24106,0.60020834
24108,0.7235102
24111,0.9199288
24120,0.7134439
24125,0.5823213
24134,0.49591017
24140,0.8901668
24151,0.5379412
24153,0.4276224
24154,0.63763475
24161,0.62867993
24166,0.726084
24170,0.6447051
24176,0.6384174
24182,0.86400473
24188,1.0645056
24190,0.78048503
24201,1.039962
24211,0.82378244
24215,0.7830385
24216,0.9715427
24219,0.5915222
24222,0.7814882
24240,0.9953907
24243,0.50878525
24245,0.84559596
24251,0.6367407
24256,0.9839767
24258,1.0259118
24261,0.8167233
24263,0.8117702
24264,0.7254746
24266,0.7421395
24273,0.62155175
24278,0.78994524
24289,0.97379124
24292,0.6473695
24293,0.53340805
24298,0.969557
24299,0.73082554
24303,0.5342823
24304,0.7347899
24305,0.7755463
24329,0.7374868
24341,0.7115685
24345,0.8066269
24353,0.7612689
24358,1.0083754
24364,0.7182926
24367,0.8899118
24370,0.68270457
24377,0.85737693
24380,0.610798
24381,0.83974755
24387,0.79712224
24391,0.5420205
24409,0.93779063
24413,0.5986068
24416,0.5053411
24427,0.75807035
24439,0.7182523
24443,0.6336442
24448,0.5329605
24454,0.9522856
24455,0.9125124
24461,0.8214253
24464,0.83553696
24468,0.7579327
24469,0.704621
24501,0.6216276
24508,0.79049444
24519,0.9389827
24520,0.9906379
24538,0.6102611
24540,0.5611318
24550,0.66011715
24552,0.63463897
24561,0.7157475
24577,0.5034904
24579,0.88443726
24580,0.8882768
24582,0.62464076
24591,0.6922353
24592,0.4223106
24599,0.73973614
24602,0.8712463
24606,0.36534485
24617,0.7745541
24619,0.82184064
24630,0.92603433
24633,0.8891912
24634,0.721581
24638,0.5101481
24641,0.8970629
24644,0.7946762
24645,0.88128227
24656,0.6380098
24661,0.5297744
24663,0.6018178
24667,0.5962719
24669,0.5418784
24682,0.9274174
24698,0.6650834
24699,0.77251637
24702,0.7817631
24703,0.68564755
24717,0.7299825
24724,0.99658394
24731,0.8873656
24737,0.70636475
24740,0.70891464
24743,0.7605816
24744,1.0436809
24755,0.70308656
24757,0.5134188
24765,0.64758205
24766,0.8062993
24776,0.8266516
24787,0.9991288
24789,0.6214455
24791,0.92105687
24792,0.8355747
24804,0.66522855
24812,0.7241281
24816,0.8629001
24817,0.8658638
24820,0.7437818
24828,0.7025911
24832,0.7055928
24836,0.76686
24842,0.775038
24846,0.6707404
24847,0.6973853
24848,1.0319631
24851,0.745822
24855,0.78115654
24856,0.681649
24871,0.72071564
24874,0.76112235
24877,0.7701863
24889,0.6985798
24897,0.7474342
24899,0.83141583
24908,0.38163397
24913,0.6051908
24923,0.77303684
24933,0.7943119
24971,0.7274686
24973,1.0728621
24993,0.84987026
24998,0.75599456
25000,0.9671488
25001,0.82645684
25002,0.64565283
25003,1.0126283
25009,0.8692626
25024,0.4820492
25026,0.76362944
25027,1.0680106
25034,0.6702075
25050,0.8498914
25057,0.83096504
25067,0.7263801
25075,0.870365
25081,0.7714379
25085,0.7907533
25093,0.72775054
25097,0.748317
25103,0.62724966
25104,0.7167434
25109,0.83534217
25112,0.8588701
25113,0.87687004
25114,0.77069354
25119,0.62599856
25121,0.7911312
25122,0.95511645
25124,0.7537577
25131,0.6113542
25134,0.82963455
25144,0.5287175
25147,0.6016936
25148,0.6898948
25149,0.6545709
25155,0.67573243
25169,0.85939544
25177,0.5547832
25178,0.8389701
25179,0.7997166
25180,0.5959854
25191,0.42317462
25199,0.7671588
25232,0.68657565
25241,0.7918483
25242,0.83544946
25243,0.700527
25246,0.7740791
25259,0.7722857
25265,0.7614504
25278,0.785169
25280,0.6670105
25284,0.81686497
25286,0.584889
25288,0.77339804
25318,0.9827094
25330,0.7418484
25333,0.888819
25339,0.86543095
25340,0.8086043
25346,0.6264336
25349,0.82554656
25351,0.8854357
25361,0.7760371
25366,0.6173511
25368,0.9454638
25369,0.8156377
25370,0.62292504
25375,0.71708095
25376,0.8023967
25377,0.8579178
25379,0.72039473
25382,0.64480126
25386,0.7022854
25389,0.67314434
25399,0.7195758
25400,1.0009806
25401,0.6382184
25407,0.71613437
25409,0.6818323
25412,0.6753228
25416,0.79280245
25418,0.7485038
25423,0.57232046
25436,0.72651315
25439,0.78770286
25442,0.9088379
25445,0.99547815
25446,0.81792116
25453,0.83216906
25456,0.661732
25458,0.3518046
25460,0.94506973
25461,0.7010465
25468,1.1259997
25470,0.91718024
25471,0.74849725
25482,0.91837573
25501,0.93120944
25504,0.5507479
25515,0.50369716
25518,1.002534
25528,0.477432
25533,0.5852966
25543,0.51821214
25548,0.7952156
25564,0.79888916
25572,0.7999122
25576,0.7664498
25577,0.6478417
25587,0.87959313
25591,0.84009653
25596,0.64699304
25598,0.7626418
25617,0.9550567
25618,0.8594593
25620,0.8563643
25623,0.63648355
25626,0.7537265
25628,0.74476355
25633,0.6763766
25637,1.0147762
25644,0.639203
25662,0.75365716
25663,0.6955944
25673,0.5302851
25678,0.70057833
25685,0.97227347
25691,0.62551665
25706,0.78831136
25707,0.87454313
25723,0.90322375
25725,0.7557125
25735,0.7674761
25740,0.61359066
25759,0.80173635
25761,0.83226466
25769,0.7631301
25774,0.7408909
25779,0.6854647
25781,0.7713975
25784,0.95294183
25790,0.8855237
25796,0.85580796
25816,0.43444884
25847,0.76806223
25850,0.7823966
25852,0.8154193
25856,0.53489864
25866,0.80399334
25867,0.5782603
25868,0.58661723
25869,0.70397854
25877,0.8039882
25878,0.6739093
25890,0.6987813
25898,0.9002022
25899,0.65265983
25906,0.93998015
25907,0.8108752
25915,0.93806297
25932,0.7404734
25939,0.63712573
25946,0.56503004
25951,0.52104986
25959,0.5241486
25961,0.8803617
25964,0.29365796
25969,0.71731985
25980,0.7424452
25986,0.7758663
25992,0.6513519
25998,0.74084437
26000,0.45162445
26006,0.79027843
26009,0.7168751
26016,0.821749
26023,1.0909868
26038,0.7030013
26041,0.79850113
26050,0.53468233
26051,0.97147673
26057,0.5774579
26060,0.4833753
26062,0.8427321
26067,1.0240302
26068,0.7499699
26072,0.8766872
26074,0.87486285
26075,0.69142175
26081,0.7746004
26108,0.8130194
26112,1.0466163
26113,0.6922734
26115,0.6490437
26122,0.6490912
26139,0.72363555
26162,0.49552995
26165,0.78156155
26173,0.89185977
26177,0.5963313
26179,0.7234414
26184,0.7272325
26190,0.5872693
26204,0.8554901
26205,0.7237481
26212,0.80353117
26215,0.71854573
26227,0.8327928
26232,0.81168514
26237,0.65507406
26246,0.49342814
26248,0.636326
26249,0.9339499
26260,0.6637882
26263,0.7785276
26267,0.7981838
26269,0.77114797
26271,0.7237591
26273,0.7176471
26286,0.5543662
26297,0.79366165
26309,0.88074225
26313,0.82324326
26319,0.70370436
26329,0.7614094
26330,0.6042711
26333,0.7480166
26361,0.9015273
26366,0.70553505
26376,1.1426556
26378,0.9089347
26382,0.504325
26389,0.82698977
26391,0.88340795
26401,0.74320936
26415,0.5243687
26419,0.7509432
26421,1.0205524
26422,0.77250314
26423,0.68064374
26424,0.5114862
26441,0.9273982
26442,0.9125068
26446,0.8501074
26447,0.7686368
26448,0.6672122
26451,0.6834751
26459,0.86032075
26465,0.62162334
26476,0.5402945
26481,0.80663174
26487,0.9329757
26501,0.5964346
26513,0.5437211
26517,0.8230196
26527,0.70497936
26534,0.57143635
26535,1.014854
26545,0.8554987
26550,0.82180464
26558,0.8109156
26571,0.8442713
26573,0.67255026
26575,0.704497
26578,0.5402513
26583,0.73141414
26590,1.0026822
26593,0.83906096
26602,0.6846903
26606,0.69069624
26613,0.604795
26615,0.55098087
26618,0.63117605
26628,0.9681146
26630,0.7773988
26635,0.83728576
26645,0.61187726
26648,1.0372393
26651,0.9848208
26660,0.71087486
26663,0.6815096
26664,0.6689942
26665,0.72444385
26673,0.6819731
26675,0.76311547
26676,0.7671901
26677,0.5886661
26679,0.70772284
26687,0.65773904
26689,0.7879131
26697,0.7777465
26737,0.76787263
26747,0.8717093
26748,0.6964489
26749,0.8402114
26754,0.86144435
26759,0.8516697
26760,0.5674249
26765,0.66966754
26769,0.86539185
26771,0.9621427
26776,0.6779786
26778,0.8470675
26780,0.84039956
26783,0.7100655
26785,0.8261148
26800,0.6997913
26804,0.83910394
26812,0.979877
26816,0.8125956
26823,0.78782916
26834,0.62291795
26836,0.8044113
26841,0.73206186
26845,0.80468476
26849,0.79523885
26854,0.71923256
26858,0.8364563
26860,0.78108525
26866,0.49819577
26871,0.71844846
26873,0.33326292
26905,0.8299645
26907,0.81455123
26920,0.6903516
26924,0.82461333
26930,0.7642249
26942,0.71179473
26944,0.96268356
26949,0.6703845
26952,0.9166099
26956,0.69800615
26973,0.63020146
26977,0.5321512
26993,0.6750297
26997,0.73913836
26999,0.5202213
27021,0.5981598
27023,0.50608796
27025,0.6155223
27027,0.6708448
27032,0.6709464
27034,0.7264559
27036,0.49076283
27045,0.77915055
27050,0.7016401
27051,0.8137884
27055,0.9214883
27056,0.84025323
27060,0.6098683
27061,0.8540292
27066,0.77590376
27070,1.0872202
27073,0.80065376
27077,0.75517845
27085,0.9589033
27086,0.9079732
27099,0.3871898
27105,0.3615732
27109,0.85759574
27125,0.7138795
27135,0.44775608
27139,0.5915674
27140,0.9649974
27141,0.86605644
27142,0.7382771
27144,1.2502575
27148,0.6417098
27154,0.9677969
27162,0.59563726
27175,0.53542984
27176,0.7845179
27178,0.75565827
27197,0.76347053
27204,0.9985117
27205,0.7163057
27206,0.45026076
27207,0.8656982
27216,0.98159593
27230,0.5575017
27234,0.8030448
27241,0.9524658
27249,0.9673933
27251,0.74254835
27252,0.75788265
27256,0.92707336
27257,0.52769727
27263,0.8776567
27268,0.85891277
27269,0.810097
27276,0.90901375
27279,0.7136612
27288,0.7601743
27295,0.769633
27299,0.3466256
27302,0.92859155
27304,0.9628316
27316,0.69721043
27318,0.63167816
27330,0.7207097
27333,0.68764675
27335,1.0675163
27339,0.6257352
27341,0.6720724
27342,0.7519913
27345,0.4520374
27347,0.41720596
27354,0.437787
27361,0.6325408
27375,0.55885756
27387,0.6465423
27390,0.58881754
27392,0.80934477
27399,0.7413603
27403,0.74861145
27410,0.53811616
27423,0.8172691
27429,0.8158288
27432,0.8336966
27436,0.60741377
27437,0.6406038
27441,0.6567687
27444,0.60701823
27445,0.3728129
27448,0.55349874
27454,0.93240917
27459,0.85218287
27465,0.7742058
27478,0.92212915
27479,0.72169363
27481,0.64839506
27483,0.7019148
27486,0.78481865
27498,0.81163454
27505,0.70801365
27507,0.66479874
27509,0.7952477
27514,0.9010676
27527,0.9620487
27535,0.839777
27544,0.6974608
27545,0.6381776
27556,0.80310684
27563,0.59948057
27569,0.66564953
27585,0.6445345
27589,0.761611
27605,0.96260667
27608,0.9177254
27609,0.8153064
27611,0.58710915
27621,0.59912395
27626,0.6380651
27629,0.867589
27645,0.95585966
27651,0.9232591
27654,0.64986664
27656,0.9092474
27663,0.8446086
27673,0.75082874
27677,0.8896332
27678,0.72204876
27680,0.74952626
27681,0.48879337
27684,0.8865359
27688,0.608237
27706,0.46194163
27709,0.5158138
27720,0.36152655
27722,0.5970534
27733,0.69550383
27734,0.5918046
27739,0.7321423
27746,0.54851204
27751,0.938895
27755,0.7828727
27777,0.54199594
27783,0.6963443
27795,0.6099318
27805,0.79914004
27811,0.83376944
27815,0.74989486
27823,0.81746143
27856,0.7131619
27873,0.8335017
27883,0.9151565
27885,0.82794166
27887,0.680223
27899,0.7325529
27921,0.8040229
27924,0.92745674
27927,0.6788514
27929,0.7664504
27932,0.9809134
27943,0.6103568
27945,0.62702936
27952,0.93489164
27957,0.87272847
27960,1.0039902
27966,0.85183585
27968,0.89402527
27980,0.88384587
27984,0.8554305
27994,0.8399104
27995,0.5152851
28002,0.8296901
28004,0.7032445
28006,0.9087533
28028,0.61458004
28042,0.8622898
28043,0.41541982
28055,0.7250145
28061,0.6204635
28063,0.6372476
28077,0.93762755
28090,0.8363118
28093,0.42714715
28095,0.42267406
28096,0.7945281
28098,0.86783624
28099,0.6976784
28111,0.7636236
28115,0.61653894
28123,0.39035198
28125,0.6693302
28126,0.7322891
28129,0.65036666
28131,0.6391057
28139,0.85474885
28146,0.8173895
28153,0.3648536
28155,0.7289255
28160,0.6605224
28166,0.7387532
28167,0.8063919
28176,0.6829549
28185,0.72381353
28187,0.66266
28195,0.7883085
28203,0.71003157
28206,0.8578905
28209,0.8424253
28210,0.600034
28211,0.9012919
28216,0.5788343
28234,0.74486834
28235,0.9437741
28248,0.85289216
28255,0.83016896
28266,0.8577579
28277,0.7657748
28286,0.86486334
28288,0.7000568
28289,0.72722536
28290,0.78295505
28296,0.6615435
28300,0.78161514
28306,0.7285127
28307,0.951281
28309,0.9022372
28327,0.8415917
28336,0.7363485
28345,0.7913495
28355,0.8034982
28361,0.7958858
28362,0.8996251
28374,0.7478178
28380,0.3534574
28381,0.4940192
28393,0.6846855
28394,0.7368724
28405,0.69373965
28413,0.74121284
28426,0.76363564
28428,0.22369686
28429,0.81198955
28442,0.8111564
28445,0.6945112
28457,0.9194802
28459,0.721537
28462,0.8973954
28478,0.9036083
28490,0.74309367
28492,0.7675099
28499,0.6629478
28500,0.5979947
28506,0.8509396
28509,0.97342426
28513,0.8009526
28516,1.0545785
28519,1.1958134
28526,0.72863346
28527,0.706739
28528,0.69055617
28533,0.88925016
28547,0.40067917
28551,0.8509499
28563,0.93260396
28566,0.75392264
28568,0.95160097
28580,0.84509254
28589,0.7619219
28590,0.85192204
28606,0.8596834
28613,0.843137
28615,0.7034528
28619,0.40240186
28629,0.7193912
28633,0.8358381
28635,0.8513891
28646,0.7819723
28648,0.6480207
28651,0.7065037
28660,0.8541955
28681,0.5706211
28693,0.7079108
28696,0.4892597
28703,0.5902308
28709,0.93132174
28712,0.7118094
28718,0.51481557
28719,0.79171836
28727,0.8365482
28730,0.4337633
28732,0.6434871
28740,0.4644413
28747,0.3937794
28752,0.5319541
28757,0.7300796
28764,0.85328126
28765,0.716182
28770,0.62950677
28772,0.9223896
28783,0.7317839
28786,0.7045724
28796,0.7624953
28799,0.6514938
28806,0.7986369
28807,0.8709184
28815,0.67579716
28818,0.32344234
28823,0.58000815
28824,0.46358925
28831,0.9210297
28834,0.46322688
28841,0.37884203
28848,0.5666982
28882,0.62680346
28884,0.5622382
28904,0.8971795
28907,0.84997535
28919,0.85262585
28920,0.6973946
28928,0.6854957
28935,0.78433704
28936,0.9452474
28945,0.97867274
28950,0.84665316
28957,0.6725007
28963,0.70269626
28974,0.27376124
28980,0.8098539
28988,0.74614596
28999,0.61534506
29001,0.5973809
29004,0.5153449
29006,0.8061187
29012,0.8127355
29018,0.42017725
29027,0.71938425
29030,0.7450356
29032,0.71882546
29039,0.79446816
29043,0.40969455
29056,0.6111346
29064,0.7312455
29068,0.8269779
29069,0.92795134
29074,0.59083277
29076,0.8582103
29085,0.6872645
29088,0.5367811
29091,0.8096832
29092,0.51558894
29093,0.81278193
29094,0.61061037
29108,0.4734531
29114,0.8039398
29115,0.65734017
29118,0.67067355
29125,0.72616106
29127,0.7506404
29150,0.03818366
29152,0.59357995
29155,0.77706563
29165,0.856876
29167,0.32595885
29174,0.64032924
29180,0.93889695
29185,0.9239832
29190,1.0284185
29192,0.9154527
29194,0.7656218
29220,0.8713103
29231,0.7073581
29237,0.7783576
29240,0.9293822
29247,0.9322506
29256,1.0944571
29275,1.0382955
29278,1.1501622
29280,0.6439065
29286,0.7994987
29288,0.73888373
29305,0.62600744
29327,0.40404388
29329,0.63387936
29333,0.7554493
29335,0.81405103
29342,0.8912686
29344,0.60235703
29353,0.5967515
29358,0.66633046
29373,0.5123883
29392,0.71587783
29393,0.78228444
29395,1.0008063
29403,0.78242743
29405,0.58938396
29410,0.92946845
29423,0.65764165
29427,0.6497513
29429,0.81964695
29432,0.7319534
29440,0.72660166
29447,0.7963909
29448,0.772998
29452,0.8111922
29455,0.67345965
29461,0.7704544
29466,0.8091935
29474,0.72524035
29476,0.63579404
29486,0.6410091
29494,0.75084805
29497,0.6710828
29505,0.7761997
29511,0.7779887
29516,0.48823705
29522,0.94342554
29523,0.9161594
29524,0.7891294
29529,0.8934962
29533,0.63871694
29535,0.9506072
29548,0.5146636
29551,0.32676935
29563,0.38183218
29574,0.4409271
29575,0.5279709
29592,0.33451343
29599,0.7212566
29608,0.42007068
29613,0.4455993
29620,0.5445011
29630,0.84528637
29637,0.45659322
29638,0.52017486
29643,0.4911357
29648,0.47774535
29657,0.5728892
29659,0.69801295
29662,0.5835219
29665,0.65947354
29699,0.511321
29706,0.4983907
29715,0.31611788
29716,0.37253794
29717,0.56232464
29721,0.49091315
29731,0.4591814
29735,0.44400892
29739,0.56015253
29742,0.72288954
29747,0.9051998
29749,0.5943119
29754,1.1182024
29773,0.55557156
29777,0.64225507
29779,0.40793753
29783,0.16861516
29786,0.07687706
29805,0.5893363
29811,0.18980512
29812,0.35370225
29815,0.06494868
29819,0.34619182
29833,0.16500682
29847,0.5994895
29854,0.59254646
29856,0.32251883
29859,0.20653379
29864,0.39413118
29865,0.23147932
29867,0.18848568
29885,0.35300428
29894,0.40586835
29900,0.24932021
29910,0.75884336
29928,0.44132668
29942,0.18352824
29951,0.43144405
29953,0.48765334
29962,0.2655355
29968,0.28878453
29974,0.59268624
29980,0.7139722
29987,0.39532006
29993,0.486174
30001,0.46688297
30005,0.1983042
30015,0.5225356
30034,0.5856504
30041,0.38207808
30044,0.44631287
30058,0.3467419
30061,0.37846237
30064,0.5356916
30065,0.509532
30069,0.2754346
30074,0.41242504
30076,0.44322821
30080,0.44692332
30086,0.80921
30087,0.30874452
30092,0.42255032
30093,0.6258449
30096,0.24773613
30097,0.5832218
30098,0.36402223
30102,0.55679977
30106,0.31577134
30110,0.65375555
30111,0.93531764
30122,0.3098512
30128,0.3161036
30130,0.823493
30131,0.36263943
30132,0.6027021
30135,0.4387676
30137,0.9639529
30157,0.6605642
30158,0.916654
30162,0.39664525
30170,0.6558491
30174,0.45337448
30195,0.3603126
30196,0.48390967
30204,0.4471763
30207,0.8272804
30209,0.47529426
30212,0.5033796
30221,0.33334067
30225,0.28516206
30229,0.3684913
30231,0.55724084
30233,0.38717815
30237,0.5617106
30239,0.6076457
30242,0.47400683
30244,0.38647562
30249,0.38142112
30262,0.279312
30286,0.3874523
30292,0.42978922
30303,0.49227008
30320,0.5157359
30322,0.6287445
30355,0.4656911
30356,0.5308992
30372,0.38645387
30375,0.4968784
30379,0.28505152
30384,0.48096514
30386,0.4680205
30394,0.4729931
30395,0.42081475
30396,0.48663718
30397,0.33321816
30402,0.31042933
30413,0.33937573
30416,0.48537558
30420,0.28036356
30422,0.6240297
30432,0.43473488
30434,0.38163447
30438,0.4548573
30444,0.40129095
30446,0.6654822
30455,0.34146118
30457,0.36539638
30459,0.40722162
30463,0.42714033
30468,0.24525157
30477,0.5045419
30478,0.28792015
30481,0.49994344
30482,0.3229611
30487,0.36622924
30491,0.5826089
30496,0.68292016
30501,0.2204198
30506,0.23759106
30511,0.29100198
30513,0.5296416
30516,0.46839142
30520,0.20181894
30531,0.42919934
30542,0.7242582
30555,0.18122557
30557,0.3830248
30568,0.35504496
30570,0.83905077
30584,0.29671666
30594,0.68866885
30614,0.26078868
30617,0.44314298
30618,0.90610194
30631,0.14454758
30632,0.22134751
30634,0.46261334
30636,0.15793976
30637,0.25132138
30639,0.39015374
30647,0.8411713
30649,0.24204439
30656,0.1444793
30660,-0.0017737746
30665,0.26579046
30669,0.41327217
30681,0.5397056
30683,0.6256691
30687,0.58110577
30694,0.78378844
